text,id,lang,created_at,edit_history_tweet_ids,conversation_id,public_metrics.retweet_count,public_metrics.reply_count,public_metrics.like_count,public_metrics.quote_count,public_metrics.bookmark_count,public_metrics.impression_count,in_reply_to_user_id,username,datetime
"If you struggle with workplace jargon, like Lumon Industries' own Mr. Milchick, Grammarly's here for you. ğŸ˜ #severance https://t.co/JsG1nqfM6A",1902916716578934858,en,2025-03-21T02:54:34.000Z,['1902916716578934858'],1902916716578934858,0,0,6,1,0,2027,,Grammarly,2025-03-21 02:54:34+00:00
Nailed it! ğŸ“· But bewareâ€”debating British vs. American English can make friendships go gray... or grey. ğŸ“· https://t.co/eU4oYGPCe9,1901693922424078449,en,2025-03-17T17:55:37.000Z,['1901693922424078449'],1901693922424078449,0,1,9,0,0,3080,,Grammarly,2025-03-17 17:55:37+00:00
"Our CEO, @shishirmehrotra, gets itğŸ’¡people need AI that just works.

This week at #HumanX, Shishir shared his perspective on why too many AI tools neglect the user experience, and how Grammarlyâ€™s AI delivers real value from day one. https://t.co/qKYha1GI7H",1900664346474410456,en,2025-03-14T21:44:27.000Z,['1900664346474410456'],1900664346474410456,2,3,14,1,0,2708,,Grammarly,2025-03-14 21:44:27+00:00
Grammarly doesnâ€™t judge your writing. It just makes sure your boss doesnâ€™t. ;),1898075688793784403,en,2025-03-07T18:18:03.000Z,['1898075688793784403'],1898075688793784403,1,2,20,0,0,2464,,Grammarly,2025-03-07 18:18:03+00:00
Works every time. https://t.co/ZTkgwTQD2P,1896645692095140022,en,2025-03-03T19:35:45.000Z,['1896645692095140022'],1896645692095140022,4,1,29,0,3,2424,,Grammarly,2025-03-03 19:35:45+00:00
I'm curious if anyone knows whether X works similarly to Slack? A coworker of mine is interested ğŸ‘€,1894782024621375682,en,2025-02-26T16:10:12.000Z,['1894782024621375682'],1894782024621375682,0,2,4,0,2,2177,,Grammarly,2025-02-26 16:10:12+00:00
"Your calendar is full. Your inbox is overflowing. You spend more time talking about a project than actually getting work done. ğŸ˜µâ€ğŸ’« Sound familiar? 

Dive into our new report to learn how AI can help combat the constant communication swirl. ğŸŒ€ğŸŒ€ğŸŒ€ https://t.co/1gdj96ewhG https://t.co/tfzaqqnUlM",1892616434850639970,en,2025-02-20T16:44:55.000Z,['1892616434850639970'],1892616434850639970,3,0,8,0,2,2339,,Grammarly,2025-02-20 16:44:55+00:00
"ğŸ‰ Thank you to @G2dotcom for naming Grammarly the #2 Best AI Software Product of 2025. There are *hundreds* of AI tools to choose from, and weâ€™re over the moon to be a fan favorite! Thank you to our customers and community for trusting Grammarly to get their best work done. https://t.co/ekRsTmRQGN",1892316770196697590,en,2025-02-19T20:54:10.000Z,['1892316770196697590'],1892316770196697590,3,7,26,1,6,10170,,Grammarly,2025-02-19 20:54:10+00:00
"Because we love you, itâ€™s â€œğ–¸Ì¶ğ—ˆÌ¶ğ—Ì¶'Ì¶ğ—‹Ì¶ğ–¾Ì¶ Yours Truly â¤ï¸ğŸŒ¹.â€ Are we clear?",1890155743518810442,en,2025-02-13T21:47:01.000Z,['1890155743518810442'],1890155743518810442,3,3,17,0,0,3171,,Grammarly,2025-02-13 21:47:01+00:00
We are certainly among the top two but not number two. ğŸ˜ğŸ’š https://t.co/vElLW6luOP,1890150860573012076,en,2025-02-13T21:27:37.000Z,['1890150860573012076'],1890150860573012076,2,1,14,1,8,4394,,Grammarly,2025-02-13 21:27:37+00:00
[Post saved] ğŸ™ğŸ«‚ @kevstrat  Top 7 include: Quick FixğŸ”¹Grammarly Writing Assistant ğŸ”¹Using Grammarly Across 500K+ Apps &amp; WebsitesğŸ”¹ Inline TranslationsğŸ”¹Grammarly SidebarğŸ”¹AI Detection &amp; Plagiarism CheckerğŸ”¹Grammarly Authorship âœ… https://t.co/KnrEfDTdyL,1887579349760794688,en,2025-02-06T19:09:21.000Z,['1887579349760794688'],1887579349760794688,0,1,7,0,1,3926,,Grammarly,2025-02-06 19:09:21+00:00
Itâ€™s moving day! ğŸššâœ¨ https://t.co/uCwiiPGswD,1878994194565640518,en,2025-01-14T02:35:00.000Z,['1878994194565640518'],1878994194565640518,1,8,22,0,2,18719,,Grammarly,2025-01-14 02:35:00+00:00
".@coda_hq is officially part of Grammarly! Weâ€™re bringing our teams, vision, and products together to build out our AI productivity platform for agents and apps so you can do your best, most productive work. And we canâ€™t wait. ğŸ‰ https://t.co/VBaose3y4o",1878857435441741915,en,2025-01-13T17:31:34.000Z,['1878857435441741915'],1878857435441741915,4,7,33,2,1,13538,,Grammarly,2025-01-13 17:31:34+00:00
ğŸ’š https://t.co/w7wl0K203F,1877231415391125727,art,2025-01-09T05:50:21.000Z,['1877231415391125727'],1877231415391125727,0,0,5,0,0,4738,,Grammarly,2025-01-09 05:50:21+00:00
"ICYMI, Grammarly has agreed to acquire @Coda_hq. We'll welcome @shishirmehrotra, Codaâ€™s CEO and co-founder, as our new CEO after the acquisition closes. On the blog, he's sharing his plans for his exciting new role and our shared future: https://t.co/h3Dq2dXQKg",1869790959535562786,en,2024-12-19T17:04:38.000Z,['1869790959535562786'],1869790959535562786,1,1,16,0,0,2823,,Grammarly,2024-12-19 17:04:38+00:00
"Grammarly announced it has agreed to acquire @coda_hq, aiming to transform into an AI productivity platform for apps and agents. Weâ€™ll welcome Coda CEO @shishirmehrotra as the new CEO of Grammarly. https://t.co/ufeXbYpmeJ https://t.co/WjUqXAKZSj",1869066214955446433,en,2024-12-17T17:04:45.000Z,['1869066214955446433'],1869066214955446433,15,11,83,9,3,17988,,Grammarly,2024-12-17 17:04:45+00:00
"Break out your crystal ball: What AI trends do you see making the most impact in 2025? ğŸ”® 

Read the predictions on what to expect in the year aheadâ€”and get action items to start preparing now. ğŸ‘‰ https://t.co/LEfolJ14dX https://t.co/3ICixdTsw2",1866922832988430544,en,2024-12-11T19:07:43.000Z,['1866922832988430544'],1866922832988430544,3,8,16,3,2,4575,,Grammarly,2024-12-11 19:07:43+00:00
"â€œWorkers need support across their entire communication journey. Thatâ€™s why weâ€™ve seen a rapid adoption of our tool.â€

Our CMO spoke with @G2dotcom about how Grammarly helps professionals communicate with confidence.ğŸ‘‡
https://t.co/PjxyItEwQa",1864378645243961665,en,2024-12-04T18:38:02.000Z,['1864378645243961665'],1864378645243961665,5,4,14,1,1,3906,,Grammarly,2024-12-04 18:38:02+00:00
We ğŸ’š actionable data. Our new Effective Communication Score and ROI report for enterprise customers is transforming the way organizations measure and improve communication: https://t.co/LNlJaKIViP https://t.co/EhLHpy2HfP,1863997443945185689,en,2024-12-03T17:23:16.000Z,['1863997443945185689'],1863997443945185689,1,0,10,1,2,3267,,Grammarly,2024-12-03 17:23:16+00:00
"ğŸ—ï¸In today's ""AI Responsibly"" newsletter: Many companies rush into AI adoption, but taking time for responsible implementation leads to success. Thoughtfully built AI tools perform better, gain trust, and yield stronger results. Read more from our CISO â¬‡ï¸ 
https://t.co/W2MTeuANuK",1859265998299316428,en,2024-11-20T16:02:12.000Z,['1859265998299316428'],1859265998299316428,0,7,15,0,0,4053,,Grammarly,2024-11-20 16:02:12+00:00
We tapped our Staff Product Manager of #ResponsibleAI to cover ğŸ‘¤user agencyğŸ‘¤ in this monthâ€™s edition of our â€œAI Responsiblyâ€ newsletter. Dig in to learn how to foster user agency in AI deploymentsâ¡ï¸ https://t.co/ZwRkVSaWwX https://t.co/F40wdtb2yG,1851651933007675752,en,2024-10-30T15:46:37.000Z,['1851651933007675752'],1851651933007675752,0,3,23,0,3,5667,,Grammarly,2024-10-30 15:46:37+00:00
"Our CEO @rahulrc discusses AIâ€™s impact on workplace interactions in the latest episode of @SliceofTC, a podcast made in collaboration with HumanX. Tune in to explore Grammarlyâ€™s AI-driven approach to enhancing communication: https://t.co/znTtcXyInp https://t.co/MgVt0tInrb",1846647250862154220,en,2024-10-16T20:19:48.000Z,['1846647250862154220'],1846647250862154220,9,8,24,0,2,5998,,Grammarly,2024-10-16 20:19:48+00:00
"Grammarlyâ€™s new Writing Score API integrates our writing intelligence into your systems, providing instant feedback on documents. 

Itâ€™s part of our expanded suite of features enhancing communication standards, productivity, and security for enterprises: https://t.co/4DJNaupc2S https://t.co/lkDxZ4stK4",1846566973343240645,en,2024-10-16T15:00:48.000Z,['1846566973343240645'],1846566973343240645,4,3,17,1,1,4952,,Grammarly,2024-10-16 15:00:48+00:00
"Grammarly for Business is now available in @AWSMarketplace. ğŸ›’

Itâ€™s easier than ever for businesses to immediately improve communication and productivity with Grammarlyâ€™s trusted AI assistant.

Learn more: https://t.co/pGoR6Kdigt
#AWSMarketplace @AWS_Partners https://t.co/WjWILJeFrW",1843671481999405432,en,2024-10-08T15:15:09.000Z,['1843671481999405432'],1843671481999405432,5,7,13,0,1,4418,,Grammarly,2024-10-08 15:15:09+00:00
Grammarly rewrites entire paragraphs of your writing so you can stay in the ã€°ï¸flowã€°ï¸ of work. Now a red sidebar will appear to the left of your writing when Grammarly identifies opportunities to enhance your paragraph. Hover over it to accept a clearer version of your text. âœ”ï¸ https://t.co/DjxBJ53Joc,1841881193110806800,en,2024-10-03T16:41:11.000Z,['1841881193110806800'],1841881193110806800,5,5,23,0,2,4704,,Grammarly,2024-10-03 16:41:11+00:00
"Introducing the Enterprise AI Security Kitâ€”your ultimate toolkit to navigate the complexities of AI implementation. ğŸ’¼ğŸ¤– From selecting the right vendors to ensuring secure deployment and team-wide adoption, weâ€™ve got you covered.
â¡ï¸ https://t.co/10xcif7gGG https://t.co/SXFLP9ECCa",1841243883381911878,en,2024-10-01T22:28:45.000Z,['1841243883381911878'],1841243883381911878,0,1,11,1,0,4691,,Grammarly,2024-10-01 22:28:45+00:00
"Weâ€™re thrilled to welcome our new CFO and CTO! ğŸ‰

Mark and Navam have extensive experience scaling tech organizations, and their leadership will be instrumental as people and teams everywhere rely on Grammarly as their trusted AI assistant.ğŸ“ˆ

Learn more: https://t.co/iD0lwZLH0J https://t.co/gPRMCgYO89",1838618256548204652,en,2024-09-24T16:35:26.000Z,['1838618256548204652'],1838618256548204652,0,4,17,0,0,3634,,Grammarly,2024-09-24 16:35:26+00:00
"Translation just got easier. ğŸŒ 

Designed to simplify global work, our translation feature delivers precise translations right where you type, so you can work in 19 languages without toggling tabs or disrupting focus. 

Learn more â¡ï¸ https://t.co/cyqiZvw0v4 https://t.co/vXAricNItk",1835827104883085669,en,2024-09-16T23:44:24.000Z,['1835827104883085669'],1835827104883085669,1,3,15,1,1,4060,,Grammarly,2024-09-16 23:44:24+00:00
"We ğŸ’š this postcard from @G2dotcom CMO Sydney Sloanâ€™s presentation at @SaaStrAnnual 2024. Grammarly helps bring out your best work, no matter which applications you use to get things doneâ€”and weâ€™re proud to see our AI recognized as a leader on G2â€™s grid. https://t.co/21B21ZIdkB",1835777701031940291,en,2024-09-16T20:28:05.000Z,['1835777701031940291'],1835777701031940291,1,1,11,0,0,3566,,Grammarly,2024-09-16 20:28:05+00:00
"AI shouldnâ€™t make your tech stack more complicated. ğŸ¤«

Our CEO, @rahulrc, joined @Redpointâ€™s Unsupervised Learning podcast to share how Grammarly integrates with your everyday tools to support clear communication.

ğŸ™ï¸Watch the full episode here: https://t.co/Z0NmpAhEUL https://t.co/ZjhSDbVvoH",1834294264160747993,en,2024-09-12T18:13:26.000Z,['1834294264160747993'],1834294264160747993,3,2,13,0,0,3763,,Grammarly,2024-09-12 18:13:26+00:00
Grammarlyâ€™s responsible AI framework addresses key challenges leaders face in AI adoption. Our new white paper offers guidance on implementing safe and ethical AI practices. ğŸ‘‰ https://t.co/tu3Kttk3Nz https://t.co/uWBOX2jIOR,1831356290758480270,en,2024-09-04T15:38:59.000Z,['1831356290758480270'],1831356290758480270,1,2,8,1,1,2976,,Grammarly,2024-09-04 15:38:59+00:00
"Hot off the press. ğŸ“° The second issue of our ""AI Responsibly"" newsletter is here!

Dive in to gain 4 practical strategies to help you navigate the AI revolution responsibly, and get the latest AI industry and Grammarly news to help you stay ahead. ğŸ‘‡ https://t.co/bY78StJxtH",1828811327277773179,en,2024-08-28T15:06:12.000Z,['1828811327277773179'],1828811327277773179,0,3,7,0,2,3218,,Grammarly,2024-08-28 15:06:12+00:00
"How can schools innovate with AI while upholding academic integrity?

Join our Sept. 10 webinar to get a tour of our new AI transparency feature, Grammarly Authorship, and gain expert insights on how educators can enable responsible AI usage with students: https://t.co/rnnORA9mVO https://t.co/ee9n3eq918",1828473977674559671,en,2024-08-27T16:45:42.000Z,['1828473977674559671'],1828473977674559671,1,3,5,0,0,3216,,Grammarly,2024-08-27 16:45:42+00:00
"With all the buzz around AI, itâ€™s important for leaders to have guidance when making AI decisions for their teams. Our CEO @rahulrc shares Grammarly's own decision-making framework in @FastCompany: https://t.co/K57NUtOK9L https://t.co/Vcf6H9HoLO",1828100379940196521,en,2024-08-26T16:01:09.000Z,['1828100379940196521'],1828100379940196521,1,1,9,0,0,2918,,Grammarly,2024-08-26 16:01:09+00:00
"At Grammarly, we strive to make work easier and more productive in every interaction across your workflow.

Hear how our customers at @Atlassian, @HackerOne, @Eventbrite, and @OneSourceV use our secure AI assistance to unblock barriers and empower employees to move work forward. https://t.co/QiB9lq8N8z",1826287487255220680,en,2024-08-21T15:57:22.000Z,['1826287487255220680'],1826287487255220680,1,1,16,0,0,2890,,Grammarly,2024-08-21 15:57:22+00:00
"ğŸ™ï¸ Our CISO, Suha Can, joined 'The Security Podcast of Silicon Valley' to discuss how we safeguard the data of over 30 million daily Grammarly users through our security, trust, and privacy initiatives!

Listen now: https://t.co/NI1wcGgszb",1825613715997159929,en,2024-08-19T19:20:02.000Z,['1825613715997159929'],1825613715997159929,0,1,8,0,0,3217,,Grammarly,2024-08-19 19:20:02+00:00
"AI is transforming how we work. How can your team best adapt? During our recent webinar, @Forrester Senior Analyst and guest speaker spoke about AI readiness and how to equip your team to leverage AI. Watch it here: https://t.co/FgAIYF8KCx https://t.co/0l7eXbHFS1",1824461945962922353,en,2024-08-16T15:03:19.000Z,['1824461945962922353'],1824461945962922353,3,1,16,0,1,3748,,Grammarly,2024-08-16 15:03:19+00:00
"Introducing: Grammarly Authorship! ğŸ’¥

This feature automatically categorizes text sources as you write, giving you the confidence to turn in your most authentic, transparent work in todayâ€™s AI era.

Coming soon â¡ï¸ https://t.co/P0qMqZxwaw https://t.co/pcfJ1PnZ8N",1823736532311679014,en,2024-08-14T15:00:47.000Z,['1823736532311679014'],1823736532311679014,7,11,34,3,5,16868,,Grammarly,2024-08-14 15:00:47+00:00
"From first drafts to final edits, Grammarlyâ€™s AI isâ€”as @modmedâ€™s CEO would sayâ€”the ideal copilot. ğŸ’« https://t.co/fm81DRS7ti",1823355870832369783,en,2024-08-13T13:48:10.000Z,['1823355870832369783'],1823355870832369783,2,1,17,1,0,3783,,Grammarly,2024-08-13 13:48:10+00:00
How did Grammarly help you at work this week? Weâ€™re all ears. ğŸ‘‚,1821931977638838503,en,2024-08-09T15:30:07.000Z,['1821931977638838503'],1821931977638838503,0,3,9,0,0,3464,,Grammarly,2024-08-09 15:30:07+00:00
"While deploying AI is a technical effort, its true impact comes from the people engaging with it. Our recent webinar guest speaker, @Forrester Senior Analyst Rowan Curran, shares how to evaluate your team's AI readiness: https://t.co/FgAIYF8KCx https://t.co/uZ1lFZgP5B",1821246958519890379,en,2024-08-07T18:08:06.000Z,['1821246958519890379'],1821246958519890379,1,2,12,0,1,3500,,Grammarly,2024-08-07 18:08:06+00:00
"Weâ€™re honored to be #14 on @Forbesâ€™ 2024 #Cloud100 list as a leader in AI! â˜ï¸ 

Our 6x recognition on this list underscores our ongoing innovation to drive productivity and impact through AI. See the full list: https://t.co/TxVcOTq6sy https://t.co/ay1iZbGBQE",1820868687458374077,en,2024-08-06T17:04:59.000Z,['1820868687458374077'],1820868687458374077,5,0,17,0,0,3894,,Grammarly,2024-08-06 17:04:59+00:00
"He said it. ğŸ‘€ 

Take a look at @g2dotcomâ€™s Summer 2024 Enterprise Grid Report, where weâ€™re named a leader in the Enterprise AI Writing Assistant category: https://t.co/UR8mbuYw0V https://t.co/k0DDjHwijE",1819061306843881810,en,2024-08-01T17:23:06.000Z,['1819061306843881810'],1819061306843881810,0,2,9,0,0,3493,,Grammarly,2024-08-01 17:23:06+00:00
"ğŸ“° Weâ€™re so excited to launch our newsletter â€œAI Responsibly.â€ Each month, weâ€™ll share practical tips, news, and insights to help you navigate the complex world of responsible AI for your business.

Check out our first issue, and subscribe for more! ğŸ‘‡
https://t.co/48k6V8owhJ",1818664630585340027,en,2024-07-31T15:06:51.000Z,['1818664630585340027'],1818664630585340027,4,7,17,0,4,14168,,Grammarly,2024-07-31 15:06:51+00:00
@G2dotcom @G2dotcom's Grid for Enterprise AI Writing Assistants: https://t.co/BmecSiBM8j,1817973049091834201,en,2024-07-29T17:18:45.000Z,['1817973049091834201'],1817964075847999693,1,0,5,0,1,2507,47191725,Grammarly,2024-07-29 17:18:45+00:00
"Weâ€™re named a leader in @G2dotcomâ€™s newest Enterprise Grid Report!

In its latest article, G2 explores why more businesses are using AI to improve their communication, and features our CMOâ€™s perspective on Grammarlyâ€™s vision for the AI-enabled future. ğŸ‘‰ https://t.co/0Me91pAuvf https://t.co/DsDayPMZv9",1817964075847999693,en,2024-07-29T16:43:06.000Z,['1817964075847999693'],1817964075847999693,1,2,11,0,0,4138,,Grammarly,2024-07-29 16:43:06+00:00
"Trying to identify the right #genAI solution for your team? Weâ€™ve got you covered. 

Our new guide helps you:

â‡ï¸ Gain clarity on how to use gen AI
â‡ï¸ Build the best case to bring it to your team
â‡ï¸ Select the right solution for your needs 

ğŸ‘‰  https://t.co/yaFKtrOAVM https://t.co/I5vSwQLnvR",1815794091357053038,en,2024-07-23T17:00:21.000Z,['1815794091357053038'],1815794091357053038,1,3,6,0,0,3227,,Grammarly,2024-07-23 17:00:21+00:00
"As this article puts it, â€œGrammarly is by no means new to the AI party. Its functionality was grounded in AI long before its ascendence.â€ We couldnâ€™t have said it better ourselves. 

Read about our enterprise #GenAI product offerings in @SiliconANGLE: https://t.co/g7brW7iCMI",1815461312266133773,en,2024-07-22T18:58:01.000Z,['1815461312266133773'],1815461312266133773,3,3,12,0,0,3715,,Grammarly,2024-07-22 18:58:01+00:00
"While we always celebrate innovations in AI, today, on #AIAppreciationDay, we're especially energized by the latest strides in responsible AI to enhance human potential and make work more enjoyable. ğŸ˜ƒ

We want to know: How have you used AI to improve your daily lives? ğŸ¦¾",1813337698402463807,en,2024-07-16T22:19:32.000Z,['1813337698402463807'],1813337698402463807,1,0,6,1,1,3611,,Grammarly,2024-07-16 22:19:32+00:00
"With #genAI changing the workplace, what does that mean for institutions? Our webinar with @McKinsey covers the strategies educators can use to ensure graduates have the skills and competencies needed for success in an AI-oriented future: https://t.co/BsdCDnMJj3 https://t.co/HvrSyJti5a",1813279693157626159,en,2024-07-16T18:29:02.000Z,['1813279693157626159'],1813279693157626159,0,1,10,0,0,3285,,Grammarly,2024-07-16 18:29:02+00:00
"The use of gen AI at work is growingâ€”but are employees equipped to confidently and effectively use these new tools? Join our upcoming webinar with @forrester to learn new strategies to ensure you and your team are AI-ready. âš¡

Save your seat: https://t.co/PWIurSKD3K",1812879944181055525,en,2024-07-15T16:00:35.000Z,['1812879944181055525'],1812879944181055525,0,0,8,0,1,3104,,Grammarly,2024-07-15 16:00:35+00:00
"ğŸ” Security and trust are top of mind for us at Grammarly, and weâ€™re lucky to be guided by our impressive and innovative CISO, Suha Can, whoâ€™s been recognized as one of @AuditBoardâ€™s #25CISOsToWatch. Congrats, Suha! https://t.co/wtPwHwo782",1811499452768702672,en,2024-07-11T20:35:00.000Z,['1811499452768702672'],1811499452768702672,0,2,8,0,0,5146,,Grammarly,2024-07-11 20:35:00+00:00
"Todayâ€™s reminder that your trusty AI communication partner is available directly in @Figma for faster workflows. The team at @eventbrite loves it. You will, too. ğŸ’š 

Try it out: https://t.co/D4M4cm6t6L https://t.co/mOwkOIdh91",1811437130427646057,en,2024-07-11T16:27:21.000Z,['1811437130427646057'],1811437130427646057,1,2,11,0,0,2979,,Grammarly,2024-07-11 16:27:21+00:00
"3,000+ educational institutions globally use Grammarly for Education to empower students and faculty with equitable writing support. 

Hear how @USC, @Penn, and @UT_Dallas use our AI communication assistance to prepare their students for career success. ğŸ“ https://t.co/LE3YaZ7hVN",1811080745227567137,en,2024-07-10T16:51:12.000Z,['1811080745227567137'],1811080745227567137,3,3,11,1,0,3552,,Grammarly,2024-07-10 16:51:12+00:00
"Good thing monumental documents of the present and future have us, @ajjacobs. ğŸ˜‰ https://t.co/T4wAK4Ar51",1810852581729784304,en,2024-07-10T01:44:34.000Z,['1810852581729784304'],1810852581729784304,3,1,13,1,0,5486,,Grammarly,2024-07-10 01:44:34+00:00
"Introducing the Translate app actionâ€”Grammarlyâ€™s new translation feature that empowers global businesses and institutions to communicate accurately and efficiently. ğŸŒ

Available for enterprise &amp; education customers; general availability arrives this fall. https://t.co/XCUoOf1H59",1810724833002471669,en,2024-07-09T17:16:56.000Z,['1810724833002471669'],1810724833002471669,4,0,14,4,0,3600,,Grammarly,2024-07-09 17:16:56+00:00
"Ever worry about coming off the wrong way after hitting send? The fear of miscommunication at work is real. 

Learn how to keep stress down ğŸ“‰ and productivity up ğŸ“ˆ with our report on gen AI adoption strategies and solutions: https://t.co/sOidUbnM4H https://t.co/yEZNffi40v",1808548280147603862,en,2024-07-03T17:08:05.000Z,['1808548280147603862'],1808548280147603862,3,1,11,2,1,3673,,Grammarly,2024-07-03 17:08:05+00:00
"Weâ€™re in good company on @BuiltInâ€™s list of top #AI tools!

Our AI communication assistance makes it easy for people to work effectively wherever they type, and weâ€™re proud to continue shaping the future of workplace communication. ğŸ™Œ https://t.co/kl926hkdhV",1808182349793747013,en,2024-07-02T16:54:01.000Z,['1808182349793747013'],1808182349793747013,1,0,6,1,0,3119,,Grammarly,2024-07-02 16:54:01+00:00
________ are a professional's best friend. ğŸ’,1807801006148767757,en,2024-07-01T15:38:41.000Z,['1807801006148767757'],1807801006148767757,3,1,6,0,0,3315,,Grammarly,2024-07-01 15:38:41+00:00
"Austin, you were the perfect host for our first community event!

We had a fantastic time connecting with customers and building our community. Our Head of Demand Generation Content, David Banks, also led a great discussion with @Eventbrite on scaling content with AI. âœ¨ https://t.co/cHZG0GGXCp",1806762830458159555,en,2024-06-28T18:53:21.000Z,['1806762830458159555'],1806762830458159555,1,0,14,0,0,3701,,Grammarly,2024-06-28 18:53:21+00:00
"Whatâ€™s that? ğŸ‘‚ The Grammarly plugin for @Figma is here! ğŸ‰

Produce high-quality, on-brand creative with writing that shinesâ€”directly in your go-to design app. Get started today â¡ï¸ https://t.co/D4M4cm6t6L https://t.co/AWMKJYncVq",1806341891337642206,en,2024-06-27T15:00:41.000Z,['1806341891337642206'],1806341891337642206,11,4,34,3,0,4234,,Grammarly,2024-06-27 15:00:41+00:00
"Choosing the right type of business communication for your message involves considering your audience, the information youâ€™re sharing, the communication channel, and your desired outcome. 

We outlined the pros and cons you should know. â¬‡ï¸  https://t.co/hkoe2zCbWO",1806011048501170269,en,2024-06-26T17:06:02.000Z,['1806011048501170269'],1806011048501170269,3,0,9,0,1,2899,,Grammarly,2024-06-26 17:06:02+00:00
"Safe and seamless AI communication assistance for the entire org? Sign us up! ğŸ™‹

Our new enterprise features make that easier than ever, including:

ğŸ”‘ Bring your own key (BYOK)
â° Session timeout
ğŸ‘¤ Custom admin roles
ğŸ” Group-level security controls
https://t.co/DeHp3LpLHi",1805617521459970485,en,2024-06-25T15:02:18.000Z,['1805617521459970485'],1805617521459970485,9,9,25,0,4,18933,,Grammarly,2024-06-25 15:02:18+00:00
"Most of us have experimented with #genAI tools at work and reaped the benefitsâ€”like increased productivity. ğŸ“ˆ

But to experience those benefits in full, we need AI literacy across teams. Get our adoption framework to transform your teamâ€™s work with AI: https://t.co/jquwzFbj1b https://t.co/Fi19Ht6pC7",1805278739258855444,en,2024-06-24T16:36:06.000Z,['1805278739258855444'],1805278739258855444,2,1,12,0,1,3424,,Grammarly,2024-06-24 16:36:06+00:00
"When it comes to tabs, there are only two types of people. Which one are you?",1804207744720998609,en,2024-06-21T17:40:21.000Z,['1804207744720998609'],1804207744720998609,3,4,12,0,0,3445,,Grammarly,2024-06-21 17:40:21+00:00
"Pride Month celebrations kicked off at our Grammarly hubs! ğŸ³ï¸â€ğŸŒˆ Thank you to our Pride Circle for organizing a month of learning and helping us build a more inclusive workplace. Weâ€™re excited to continue the festivities together!

#PrideMonth #Pride2024 https://t.co/UTQRCQ7SiC",1803110221197324527,en,2024-06-18T16:59:11.000Z,['1803110221197324527'],1803110221197324527,1,1,9,0,0,2856,,Grammarly,2024-06-18 16:59:11+00:00
Todayâ€™s workout: switching tabs quickly enough to count as cardio. ğŸƒâ€â™€ï¸,1803091814007583125,en,2024-06-18T15:46:02.000Z,['1803091814007583125'],1803091814007583125,2,0,16,1,0,4256,,Grammarly,2024-06-18 15:46:02+00:00
"The future of work is communication, and communication is what we do best. 

Our CEO, @rahulrc, shares his vision for Grammarlyâ€™s future and how we win at enabling people and businesses everywhere to drive work forward. https://t.co/6IUfV8fGYR",1802722828103328205,en,2024-06-17T15:19:49.000Z,['1802722828103328205'],1802722828103328205,2,1,9,0,2,17217,,Grammarly,2024-06-17 15:19:49+00:00
"Next time you're put on the spot during a meeting, use these tips to keep cool and sound confident. ğŸ˜ https://t.co/hi0XOXdzYq",1801673530049781941,en,2024-06-14T17:50:17.000Z,['1801673530049781941'],1801673530049781941,2,1,20,1,6,3994,,Grammarly,2024-06-14 17:50:17+00:00
"We had a blast at @LondonTechWeek! ğŸ‡¬ğŸ‡§ 

Our Head of Global Channel Sales, Ty Rottare, spoke on responsible #generativeAI and we got to see 30,000 attendees walk through the Grammarly-branded entrance. âœ¨ Cheers to the international tech community; see you next year! #LTW24 https://t.co/F89yBh6GcW",1801285500054937816,en,2024-06-13T16:08:24.000Z,['1801285500054937816'],1801285500054937816,0,0,12,0,1,3539,,Grammarly,2024-06-13 16:08:24+00:00
"Gen AI is the new language of business and itâ€™s essential your team speaks it. ğŸ—£ï¸

Enter â¡ï¸ AI literacyâ€”the most important skill for employees to harness in the age of #genAI. Get our new guide and adoption framework to transform how you get work done: https://t.co/jquwzFbj1b https://t.co/wDNz20kGVi",1800961833743917205,en,2024-06-12T18:42:16.000Z,['1800961833743917205'],1800961833743917205,1,6,15,2,0,4023,,Grammarly,2024-06-12 18:42:16+00:00
G2â€™s May State of Software report: https://t.co/lJC26tzyzQ,1800634409332457867,en,2024-06-11T21:01:12.000Z,['1800634409332457867'],1800634307595083897,0,0,4,0,0,2825,47191725,Grammarly,2024-06-11 21:01:12+00:00
"Grammarly leads the pack as #1 in AI products by @G2dotcom's Momentum score in their May State of Software report. ğŸ¥‡

It's great to see our investment in bringing trusted AI writing assistance to the enterprise recognized as a leader in the #AI industry! Full report is below. https://t.co/LtJ4zSXpDJ",1800634307595083897,en,2024-06-11T21:00:47.000Z,['1800634307595083897'],1800634307595083897,7,5,28,0,11,19085,,Grammarly,2024-06-11 21:00:47+00:00
"Find what you need; stay in your flow. In Grammarly, your favorite work apps are just a few clicks awayâ€”without clicking away from your work. ğŸ™Œ https://t.co/Lce9FUlFpX",1800195024673488940,en,2024-06-10T15:55:14.000Z,['1800195024673488940'],1800195024673488940,0,10,6,0,2,13794,,Grammarly,2024-06-10 15:55:14+00:00
"Thatâ€™s a wrap on our time at the @GartnerÂ® Marketing Symposium/Xpoâ„¢!

From our session with @Iterable on balancing growth and risk in the era of #genAI to connecting with marketing leaders on how Grammarly can be every companyâ€™s AI writing partner, we had an incredible time. ğŸ™Œ https://t.co/Lqs6jjkbC4",1798802189567008883,en,2024-06-06T19:40:36.000Z,['1798802189567008883'],1798802189567008883,0,2,11,0,1,9111,,Grammarly,2024-06-06 19:40:36+00:00
We know a tool that can help. ğŸ˜‰ https://t.co/ORHXr1zi9L,1798771105743905168,en,2024-06-06T17:37:05.000Z,['1798771105743905168'],1798771105743905168,0,1,9,0,0,7160,,Grammarly,2024-06-06 17:37:05+00:00
"With answers this good, we had to do a Part 2 of Bring Your Kid to Work Day! ğŸ’ https://t.co/iArCpns6nr",1798035858987336133,en,2024-06-04T16:55:29.000Z,['1798035858987336133'],1798035858987336133,0,2,15,0,2,5405,,Grammarly,2024-06-04 16:55:29+00:00
How much coffee is too much coffee for 9:30 a.m. on a Monday? ğŸ‘€,1797666808725381310,en,2024-06-03T16:29:00.000Z,['1797666808725381310'],1797666808725381310,2,6,20,4,0,8461,,Grammarly,2024-06-03 16:29:00+00:00
"Our CEO @rahulrc speaks on the future of AI tools and agents to transform human workflows on @lightspeedvp's ""Generative Now"" podcast. ğŸ‘‡ https://t.co/9PB4gHGJJ7",1796577313368465564,en,2024-05-31T16:19:44.000Z,['1796577313368465564'],1796577313368465564,1,0,16,0,1,7846,,Grammarly,2024-05-31 16:19:44+00:00
"Where is your company on its path to enterprise AI adoption? ğŸ¤”

Take our 2-minute quiz to assess your companyâ€™s current stateâ€”and find out what you need to do to get ahead â¡ï¸ https://t.co/beP18uUFsO https://t.co/DamfSwvoEC",1796215265631281389,en,2024-05-30T16:21:06.000Z,['1796215265631281389'],1796215265631281389,1,1,4,0,0,4141,,Grammarly,2024-05-30 16:21:06+00:00
"Attending the @Gartner_incÂ® Marketing Symposium/Xpoâ„¢ next week? 

Stop by Grammarlyâ€™s booth and join our session, â€œBrand Compliance at Scaleâ€”Safeguard the Customer Journey With AND From AI.â€ We hope to see you there! #GartnerMKTG",1795873397261611063,en,2024-05-29T17:42:38.000Z,['1795873397261611063'],1795873397261611063,2,0,5,0,1,3815,,Grammarly,2024-05-29 17:42:38+00:00
"Anyone else add already-done things to their to-do list to feel more accomplished, or?",1795866198086647865,en,2024-05-29T17:14:01.000Z,['1795866198086647865'],1795866198086647865,1,1,13,0,0,4709,,Grammarly,2024-05-29 17:14:01+00:00
"This graduation season, weâ€™re celebrating our new partnership with @WGU! ğŸ“

Students and faculty at WGU will employ our AI-powered writing assistance and our new Writing Score API. @Campus_Tech shares more:
https://t.co/iPLk3M7KSx",1795472874137903169,en,2024-05-28T15:11:06.000Z,['1795472874137903169'],1795472874137903169,3,0,15,1,2,7329,,Grammarly,2024-05-28 15:11:06+00:00
Bring Your Kid to Work Day: Grammarly Edition ğŸ’ https://t.co/x9iugsOXmZ,1793691515710996770,en,2024-05-23T17:12:37.000Z,['1793691515710996770'],1793691515710996770,3,2,26,2,2,4690,,Grammarly,2024-05-23 17:12:37+00:00
"When teams spend more time communicating than a 40-hour workweek, businesses must find a better solution.

Learn how #genAI is giving teams time back to do work that mattersâ€”without sacrificing qualityâ€”in our report: https://t.co/09BAf6nQBW https://t.co/HY5iD2VRLR",1793334830546956593,en,2024-05-22T17:35:16.000Z,['1793334830546956593'],1793334830546956593,1,0,11,0,2,3791,,Grammarly,2024-05-22 17:35:16+00:00
Good emails prevent bad meetings.,1793325706761429002,en,2024-05-22T16:59:01.000Z,['1793325706761429002'],1793325706761429002,4,4,29,0,0,4142,,Grammarly,2024-05-22 16:59:01+00:00
"â€œTo use AI safely and effectively, itâ€™s essential to take responsibility for understanding and reducing these risks.â€

Grammarly Engineering Manager Knar Hovakimyan discusses with @BuiltIn the importance of building a responsible AI culture. https://t.co/aUpFWYKYfF",1792600432264499284,en,2024-05-20T16:57:02.000Z,['1792600432264499284'],1792600432264499284,2,2,9,1,0,3691,,Grammarly,2024-05-20 16:57:02+00:00
"Missed deadlines, time and money wastedâ€”the cost of â€œminorâ€ miscommunications is major. 

See whatâ€™s stopping your team from communicating effectively and learn how to fix it. ğŸ‘‡ 
https://t.co/zIsjJKkqZG",1792583580398301642,en,2024-05-20T15:50:04.000Z,['1792583580398301642'],1792583580398301642,0,1,8,0,2,3742,,Grammarly,2024-05-20 15:50:04+00:00
Brevity is the soul of witâ€”and good emails.,1791174025604981136,en,2024-05-16T18:29:00.000Z,['1791174025604981136'],1791174025604981136,3,2,22,0,3,4876,,Grammarly,2024-05-16 18:29:00+00:00
"Your trusted AI writing partner for both students and educators. ğŸ¤

At @wharton, CIO Dan Alig champions Grammarlyâ€™s role in helping institutions prepare students with the tools they need to succeed in an AI-driven workplace.

Learn about our EDU offering: https://t.co/hsq98LLg4d https://t.co/3msqJ7E7o8",1790806673885433902,en,2024-05-15T18:09:17.000Z,['1790806673885433902'],1790806673885433902,2,0,10,1,0,3560,,Grammarly,2024-05-15 18:09:17+00:00
"PSA: Always add a deadline to your asks to get a faster response. â°

Better yet, use Grammarlyâ€™s newest feature, strategic suggestions, to help you include all the info you need to move your work forward: https://t.co/JWirCNxiEp https://t.co/60c0svIHzr",1790795048705048689,en,2024-05-15T17:23:05.000Z,['1790795048705048689'],1790795048705048689,2,1,9,0,1,3693,,Grammarly,2024-05-15 17:23:05+00:00
"TFW Grammarly is on the big screen at #GoogleIO ğŸ¤©

Weâ€™re excited to be a launch partner for Gemini Nano and help Android users unlock Grammarlyâ€™s AI-powered suggestions on the go! https://t.co/lMuIoSxVGy",1790504173496062206,en,2024-05-14T22:07:15.000Z,['1790504173496062206'],1790504173496062206,15,8,55,1,4,6760,,Grammarly,2024-05-14 22:07:15+00:00
"A single meeting can set the tone for the day. Keep it efficient and effective with these planning tips. ğŸ‘‡ 
https://t.co/UrnBiY7cBt",1790046866756784510,en,2024-05-13T15:50:05.000Z,['1790046866756784510'],1790046866756784510,0,0,9,0,0,4520,,Grammarly,2024-05-13 15:50:05+00:00
Itâ€™s the end of the week and projects are wrappedâ€”thereâ€™s no better feeling. ğŸ™Œ https://t.co/4K5IeH8yG4,1788988903485002123,en,2024-05-10T17:46:07.000Z,['1788988903485002123'],1788988903485002123,5,0,19,0,0,4464,,Grammarly,2024-05-10 17:46:07+00:00
"Over half of workers say they spend excessive time drafting or deciphering work messages and reported worrying about overload. ğŸ«¨

See how #genAI helps teams move work forwardâ€”togetherâ€”in our 2024 State of Business Communication report: https://t.co/SyzmJl5Gx6 https://t.co/VUuhgOJkVt",1788683429225124066,en,2024-05-09T21:32:16.000Z,['1788683429225124066'],1788683429225124066,2,1,15,2,1,4269,,Grammarly,2024-05-09 21:32:16+00:00
"When you prioritize clarity in your writing, confusion wonâ€™t slow your work down. ğŸ¤ 
https://t.co/2tNjV3x5Y4",1788633538897600802,en,2024-05-09T18:14:01.000Z,['1788633538897600802'],1788633538897600802,2,0,7,0,4,4115,,Grammarly,2024-05-09 18:14:01+00:00
"When you sound confident in yourself, others will be confident in you, too. ğŸ¤",1788249048140632067,en,2024-05-08T16:46:11.000Z,['1788249048140632067'],1788249048140632067,3,0,10,0,1,4172,,Grammarly,2024-05-08 16:46:11+00:00
"The first academic year with #generativeAI is wrapping up, and a LOT was learned! ğŸ“

Join us on May 14 with Dr. C. Edward Watson to get our AI action plan for summer planning so you can get ahead of the curve and build campus-wide AI literacy this fall semester. Register! ğŸ‘‡",1787958803952189468,en,2024-05-07T21:32:52.000Z,['1787958803952189468'],1787958803952189468,0,1,12,0,0,4779,,Grammarly,2024-05-07 21:32:52+00:00
No more counting words. Make the words count.,1787523474044399924,en,2024-05-06T16:43:01.000Z,['1787523474044399924'],1787523474044399924,10,2,42,1,0,7760,,Grammarly,2024-05-06 16:43:01+00:00
Back for Part 2 of asking our parents to describe what we do for a living. How would your parents do? https://t.co/celpZnfzPL,1786095690453483594,en,2024-05-02T18:09:31.000Z,['1786095690453483594'],1786095690453483594,5,0,23,2,1,5016,,Grammarly,2024-05-02 18:09:31+00:00
"A gentle reminder that you can only do your best at work when you prioritize your mental well-being. ğŸ’š

#MentalHealthAwarenessMonth https://t.co/tA9jMKBw5A",1785700039764869289,en,2024-05-01T15:57:20.000Z,['1785700039764869289'],1785700039764869289,6,6,23,1,0,5349,,Grammarly,2024-05-01 15:57:20+00:00
"Poor communication at work results in:

â±ï¸ Wasted time
ğŸ˜¬ Strained relationships
ğŸ—£ï¸ Damaged reputation 

We spoke with @TheAtlantic's creative studio, @atlanticrethink, about how #AI can help professionals communicate better and save businesses billionsâ€”when done responsibly.",1785338328629514671,en,2024-04-30T16:00:02.000Z,['1785338328629514671'],1785338328629514671,3,1,16,1,0,2638,,Grammarly,2024-04-30 16:00:02+00:00
"Our latest research shows that nearly 60% of workers wish their employers were more open to implementing #genAI to improve their day-to-day work. ğŸ’¡ 

Itâ€™s time for companies to tap into this potential with an enterprise-wide strategy. See how: https://t.co/SyzmJl5Gx6 https://t.co/6DRwzSp92G",1784963129157333167,en,2024-04-29T15:09:07.000Z,['1784963129157333167'],1784963129157333167,2,1,14,0,0,5207,,Grammarly,2024-04-29 15:09:07+00:00
Reducing back-and-forth and improving workflows make for a productive team. ğŸ¤ https://t.co/0oQdnZuZ97,1783914047924015526,en,2024-04-26T17:40:27.000Z,['1783914047924015526'],1783914047924015526,1,1,17,0,1,4657,,Grammarly,2024-04-26 17:40:27+00:00
"Emails and docs and Slacksâ€”oh my!

Our work life is consumed by communication, but a lot of it isnâ€™t very effective.

Our new guide breaks down the fundamentals and shares actionable tips to up-level business communication across your entire org. ğŸ¤â¬‡ï¸ https://t.co/6gQ4UkIoLf",1783602914646471124,en,2024-04-25T21:04:07.000Z,['1783602914646471124'],1783602914646471124,2,0,8,0,1,4981,,Grammarly,2024-04-25 21:04:07+00:00
"If your life were a book, what would its title be? ğŸ“– 

#WorldBookDay",1782808411249188937,en,2024-04-23T16:27:02.000Z,['1782808411249188937'],1782808411249188937,4,4,17,2,0,6964,,Grammarly,2024-04-23 16:27:02+00:00
"Imagine having fewer back-and-forths with your boss by knowing all the details they need to say yes.

Speed up your work and communicate more effectively with strategic suggestions. ğŸš€",1782446379115171920,en,2024-04-22T16:28:27.000Z,['1782446379115171920'],1782446379115171920,3,0,17,0,0,6011,,Grammarly,2024-04-22 16:28:27+00:00
Turn one of your meetings today into an email insteadâ€”as a treat. âœ¨,1781002157539344530,en,2024-04-18T16:49:38.000Z,['1781002157539344530'],1781002157539344530,1,2,8,0,0,6150,,Grammarly,2024-04-18 16:49:38+00:00
"SPOTTED: Grammarly in the wild. ğŸ‘€

If you find one of our billboards in SF, LA, NY, or Chicago, snap a pic and share it with us below! #EasierSaidDone https://t.co/OpGs3jqDWu",1780672017567748214,en,2024-04-17T18:57:46.000Z,['1780672017567748214'],1780672017567748214,3,0,23,0,0,6470,,Grammarly,2024-04-17 18:57:46+00:00
Communication overload costs workers time and well-being. ğŸ«  Discover how #GenAI is helping change how we workâ€”for good: https://t.co/SyzmJl5Gx6 https://t.co/EijGwo8s0U,1779899067679519020,en,2024-04-15T15:46:21.000Z,['1779899067679519020'],1779899067679519020,1,0,11,1,2,6242,,Grammarly,2024-04-15 15:46:21+00:00
TFW your teamâ€™s in sync and you meet the end-of-week deadline. ğŸ™Œ https://t.co/djOIZFBx08,1778866975864754356,en,2024-04-12T19:25:11.000Z,['1778866975864754356'],1778866975864754356,2,1,21,0,2,7198,,Grammarly,2024-04-12 19:25:11+00:00
Our favorite coworkers always make sure we stay pawductive. ğŸ¾ #NationalPetDay https://t.co/rZQhO6n3E3,1778453120420368866,en,2024-04-11T16:00:40.000Z,['1778453120420368866'],1778453120420368866,2,3,51,1,0,8315,,Grammarly,2024-04-11 16:00:40+00:00
Imagine if you could write at the speed of your thoughtsâ€”from idea to draft without delay. ğŸ’­ What would you do with the extra time? https://t.co/yxvg71VLW0,1778110723257708683,en,2024-04-10T17:20:06.000Z,['1778110723257708683'],1778110723257708683,3,2,24,0,0,6832,,Grammarly,2024-04-10 17:20:06+00:00
"Celebrating 15 remarkable years of Grammarly! â‡ï¸

From creating the Grammarly Editor in our early days to becoming the trusted AI writing partner for 30M+ users and over 70,000 teams worldwide, we have a lot to celebrate and be grateful for. Here's to the next 15 and beyond! ğŸš€ https://t.co/Nmiywxlwl3",1777756670141010216,en,2024-04-09T17:53:13.000Z,['1777756670141010216'],1777756670141010216,1,7,42,4,1,9003,,Grammarly,2024-04-09 17:53:13+00:00
"If youâ€™re new to the workplace ğŸ‘‰ ask a question.

If youâ€™re experienced in the workplace ğŸ‘‡  leave advice.",1777359500481077637,en,2024-04-08T15:35:01.000Z,['1777359500481077637'],1777359500481077637,1,2,18,1,0,9250,,Grammarly,2024-04-08 15:35:01+00:00
"Maybe the real phantom menace is your team not showing up as fully aligned in every doc, report, or presentation. ğŸ˜… https://t.co/tk3rKHwL8K",1776303815836230040,en,2024-04-05T17:40:06.000Z,['1776303815836230040'],1776303815836230040,3,0,30,0,1,7110,,Grammarly,2024-04-05 17:40:06+00:00
"What was your last email sign-off, and why was it â€œBestâ€?",1776294228798124239,en,2024-04-05T17:02:00.000Z,['1776294228798124239'],1776294228798124239,0,4,25,1,0,8171,,Grammarly,2024-04-05 17:02:00+00:00
"Experiencing communication overload? Youâ€™re not alone. ğŸ«‚

But thereâ€™s a solution! ğŸ’¡ Generative AI is transforming the way we workâ€”for the better. Our new report has all the insights: https://t.co/SyzmJl5Gx6 https://t.co/PX9qFeOmsX",1775905230791606349,en,2024-04-04T15:16:16.000Z,['1775905230791606349'],1775905230791606349,0,2,13,0,1,8365,,Grammarly,2024-04-04 15:16:16+00:00
Calling home means explaining what you do for a livingâ€”again. ğŸ«  https://t.co/z9M4OyZqLy,1775571328059195578,en,2024-04-03T17:09:27.000Z,['1775571328059195578'],1775571328059195578,5,0,24,2,1,12998,,Grammarly,2024-04-03 17:09:27+00:00
New data alert! ğŸš¨ Join our April webinars for valuable insights on #CX and #marketing communication trendsâ€”and learn how generative AI can help your team get ahead.,1775296253708112349,en,2024-04-02T22:56:24.000Z,['1775296253708112349'],1775296253708112349,1,0,10,0,0,9083,,Grammarly,2024-04-02 22:56:24+00:00
"ğŸ—“ï¸ May your writing this month be:

A - Active
P - Polished
R - Relatable
I - Impactful
L - Legendary",1775167302306070564,en,2024-04-02T14:24:00.000Z,['1775167302306070564'],1775167302306070564,7,5,63,2,7,14493,,Grammarly,2024-04-02 14:24:00+00:00
"Boost your email game with an AI assist. ğŸš€

If you struggle with where to start, what to say, or how to structure your message, AI can help you save time and make your writing more impactful. https://t.co/h5tE50R8rI",1774911365989163221,en,2024-04-01T21:27:00.000Z,['1774911365989163221'],1774911365989163221,1,0,6,0,0,5449,,Grammarly,2024-04-01 21:27:00+00:00
Interrupting your scroll to say weâ€™re here to help make Q2 you the best you. ğŸ¤,1774823538777587768,en,2024-04-01T15:38:00.000Z,['1774823538777587768'],1774823538777587768,4,8,30,1,0,8472,,Grammarly,2024-04-01 15:38:00+00:00
Signing off all emails with â€œYee-hawâ€ today and nobody can stop us. ğŸ¤ ,1773741749401264237,en,2024-03-29T15:59:22.000Z,['1773741749401264237'],1773741749401264237,3,2,36,0,1,6912,,Grammarly,2024-03-29 15:59:22+00:00
"Generative AI is helping professionals save time and companies save money. Are you embracing its potential? ğŸ¤” 

Learn how in our State of Business Communication report: https://t.co/sOidUbnM4H https://t.co/OWpruBsjYP",1773436256896131582,en,2024-03-28T19:45:27.000Z,['1773436256896131582'],1773436256896131582,3,1,14,0,1,4407,,Grammarly,2024-03-28 19:45:27+00:00
"Knowing what feedback youâ€™ll receive before hitting send sounds like a magic trick. But there are no tricks hereâ€”just the power of our new strategic suggestions. âœ¨ 
https://t.co/CDGy4u6vIi",1773370969815400583,en,2024-03-28T15:26:01.000Z,['1773370969815400583'],1773370969815400583,0,0,8,1,0,4316,,Grammarly,2024-03-28 15:26:01+00:00
A meeting can only be an email if the email makes sense.,1773021164048113946,en,2024-03-27T16:16:01.000Z,['1773021164048113946'],1773021164048113946,6,4,38,2,4,7419,,Grammarly,2024-03-27 16:16:01+00:00
"Today's launch of strategic suggestions is the next step in our journey to help professionals drive impact through actionable, audience-aware writing. @FastCompany shares more. ğŸ‘‡ https://t.co/s2wy0iWJxv",1772759512409317679,en,2024-03-26T22:56:18.000Z,['1772759512409317679'],1772759512409317679,1,0,17,0,3,7339,,Grammarly,2024-03-26 22:56:18+00:00
"Mark as approved. âœ”ï¸

Our new strategic suggestions help make your writing focused and tailored to your audience so you can get the response you need to move work forward. â©

Learn more: https://t.co/msZtnedxWv https://t.co/uCBMxrYJfO",1772639800312373433,en,2024-03-26T15:00:37.000Z,['1772639800312373433'],1772639800312373433,13,0,28,2,1,6308,,Grammarly,2024-03-26 15:00:37+00:00
What helps you stay most productive at work?,1772297279614881916,en,2024-03-25T16:19:33.000Z,['1772297279614881916'],1772297279614881916,3,2,13,0,1,5277,,Grammarly,2024-03-25 16:19:33+00:00
"From brackets to final draft, Grammarlyâ€™s got you covered so you can slam-dunk your work before the buzzer. ğŸš¨ #MarchMadness https://t.co/BBjfmhzqOF",1771218993635786861,en,2024-03-22T16:54:50.000Z,['1771218993635786861'],1771218993635786861,7,11,51,3,12,21661,,Grammarly,2024-03-22 16:54:50+00:00
What if you could go from â€œeasier saidâ€ to â€œdoneâ€ in a few clicksâ€”not a few hours? https://t.co/YnEqD1DSoH,1770501849176527308,en,2024-03-20T17:25:09.000Z,['1770501849176527308'],1770501849176527308,2,5,24,0,1,6385,,Grammarly,2024-03-20 17:25:09+00:00
"Grammarly ğŸ¤ AI innovation. Weâ€™re honored to be among @FastCompanyâ€™s Most Innovative Companies in AI for 2024! ğŸ‰

This recognition reflects our work to build a future where companies and professionals win with AI-powered communication. #FCMostInnovative",1770089986353942941,en,2024-03-19T14:08:34.000Z,['1770089986353942941'],1770089986353942941,2,2,21,0,0,7238,,Grammarly,2024-03-19 14:08:34+00:00
"âŒ Problem: Spring starts tomorrow, and you want to go out and embrace the beautiful weather but have 50 unread emails to get back to. ğŸ™„

âœ… Solution: Use Grammarly to quickly reply to emails and sign off a little early. (We won't tell. ğŸ¤«) https://t.co/yiTYPHL3NS",1769811285787512955,en,2024-03-18T19:41:06.000Z,['1769811285787512955'],1769811285787512955,1,2,16,0,0,11025,,Grammarly,2024-03-18 19:41:06+00:00
Good writing is more than just following the rulesâ€”itâ€™s about making sure your message is understood. ğŸ’¡ https://t.co/jf7Bf6WuX1,1768312668543205758,en,2024-03-14T16:26:08.000Z,['1768312668543205758'],1768312668543205758,2,4,28,1,3,9578,,Grammarly,2024-03-14 16:26:08+00:00
This is your midweek reminder to take the 8 half-empty cups on your desk to the kitchen. ğŸ‘€,1767952264767910317,en,2024-03-13T16:34:01.000Z,['1767952264767910317'],1767952264767910317,2,4,20,0,1,5212,,Grammarly,2024-03-13 16:34:01+00:00
"From @googledrive to @Calendly to @hubspot, access all your favorite apps in just a few clicks without clicking away from your work. ğŸ™Œ",1767597908495667620,en,2024-03-12T17:05:56.000Z,['1767597908495667620'],1767597908495667620,1,1,17,0,0,3737,,Grammarly,2024-03-12 17:05:56+00:00
Confident words = better results. ğŸ¤ https://t.co/dBF2btlppK,1767301746387226897,en,2024-03-11T21:29:05.000Z,['1767301746387226897'],1767301746387226897,2,3,19,1,1,4448,,Grammarly,2024-03-11 21:29:05+00:00
How does using generative AI help you most at work? ğŸ’¡,1767231973620387965,en,2024-03-11T16:51:50.000Z,['1767231973620387965'],1767231973620387965,2,2,8,0,0,3561,,Grammarly,2024-03-11 16:51:50+00:00
Caffeine now; consequences later. ğŸ¤· https://t.co/SrRY0IBiTA,1766157208465629661,en,2024-03-08T17:41:06.000Z,['1766157208465629661'],1766157208465629661,1,4,14,0,1,3620,,Grammarly,2024-03-08 17:41:06+00:00
"Dive into our new 2024 State of Business Communication report to get the latest insights on:

 ğŸ˜³ Communication overload (and what to do about it)
 ğŸš§ The roadblocks to maximizing productivity
 ğŸ¦¾ How gen AI is transforming work
https://t.co/ftfBGPxFZz",1765784558593540143,en,2024-03-07T17:00:20.000Z,['1765784558593540143'],1765784558593540143,0,0,7,0,0,2540,,Grammarly,2024-03-07 17:00:20+00:00
"Managing @Asana tasks with Grammarly is what we call better time management. ğŸ¤

With app actions, creating a task takes just a few clicks, so you can move faster without losing focus.",1765427202504745390,en,2024-03-06T17:20:19.000Z,['1765427202504745390'],1765427202504745390,0,1,13,0,1,3153,,Grammarly,2024-03-06 17:20:19+00:00
"Donâ€™t let your teamâ€™s day disappear. With Grammarly, teams can produce high-quality, on-brand writing in just a few clicksâ€”not a few hours. 

Easier said. Done. âœ… https://t.co/BWS09LXgb9",1764682466202206362,en,2024-03-04T16:01:00.000Z,['1764682466202206362'],1764682466202206362,1,4,29,0,0,5018,,Grammarly,2024-03-04 16:01:00+00:00
You focus on the work. Weâ€™ll focus on the words. ğŸ¤ https://t.co/hzKSQBIN2m,1763596081118540284,en,2024-03-01T16:04:06.000Z,['1763596081118540284'],1763596081118540284,6,4,32,2,1,4612,,Grammarly,2024-03-01 16:04:06+00:00
"As @Databricks scaled, it needed a solution to ensure on-brand communications globally. With Grammarly, it saw significant ROI:

ğŸ“ˆ $1.4M saved annually in productivity
âœ… 50% decrease in editing time in marketing
â³ 25% improvement in time to resolution in customer support",1762888208147431825,en,2024-02-28T17:11:16.000Z,['1762888208147431825'],1762888208147431825,1,0,15,0,0,3133,,Grammarly,2024-02-28 17:11:16+00:00
"The average worker loses up to 4 hours a week switching between apps. ğŸ˜±

Join us on March 5 to learn how experts from @asana, @calendly, @HubSpot, and Grammarly manage app overload and help their teams navigate the digital maze. Register below. ğŸ‘‡",1762526759700848959,en,2024-02-27T17:15:00.000Z,['1762526759700848959'],1762526759700848959,5,1,21,0,0,3427,,Grammarly,2024-02-27 17:15:00+00:00
Faster workflows and smoother communication? Now that's something we can align on. ğŸ¤,1762193341251522797,en,2024-02-26T19:10:07.000Z,['1762193341251522797'],1762193341251522797,1,1,13,0,0,3685,,Grammarly,2024-02-26 19:10:07+00:00
"When the goal is to save time, a confusing message is a costly mistake. â³ https://t.co/pS8uJuMfpx",1760787068936974448,en,2024-02-22T22:02:05.000Z,['1760787068936974448'],1760787068936974448,1,2,10,0,1,3294,,Grammarly,2024-02-22 22:02:05+00:00
"The future of writing is withâ€”not byâ€”AI. ğŸ¤ For higher education, that means creating a playbook that sets both students and faculty up for success.

Join our webinar on Feb. 28 to learn how institutions can embrace AI responsibly to best prepare students for the workplace. â¬‡ï¸",1760749383585550343,en,2024-02-22T19:32:20.000Z,['1760749383585550343'],1760749383585550343,2,1,15,0,2,3123,,Grammarly,2024-02-22 19:32:20+00:00
"ğŸš¨ New data just dropped in our 2024 State of Business Communication report, and we've rounded up the top insights in 90 seconds. â±ï¸ğŸ‘‡

Find out how generative AI is impacting communication, work satisfaction, and business results in the full report: https://t.co/SyzmJl5Gx6 https://t.co/WKfQacHgnn",1760379090232619464,en,2024-02-21T19:00:56.000Z,['1760379090232619464'],1760379090232619464,3,4,25,5,1,4095,,Grammarly,2024-02-21 19:00:56+00:00
"Grammarlyâ€™s 2024 Sales Kickoff is a wrap! ğŸ‰

There were countless moments of inspiration and connection, and weâ€™re feeling energized to move forward on our journey as the go-to trusted AI writing partner for teams. ğŸ™Œ https://t.co/rjxwn5N2Fy",1760069074569105449,en,2024-02-20T22:29:02.000Z,['1760069074569105449'],1760069074569105449,2,4,27,0,0,4590,,Grammarly,2024-02-20 22:29:02+00:00
"ğŸ‘€ Keep an eye outâ€”our 2024 State of Business Communication report is nearly here!

Weâ€™re launching this yearâ€™s report with an early access webinar to share first takes on the new findings from industry experts. Register here: https://t.co/FxebPkLj62 https://t.co/i8OX6tgIfl",1759642899195830740,en,2024-02-19T18:15:34.000Z,['1759642899195830740'],1759642899195830740,2,1,21,0,0,3668,,Grammarly,2024-02-19 18:15:34+00:00
"TFW the love you have for your customers is mutual. ğŸ«¶ Grammarly is on @G2dotcomâ€™s Best Software Awards 2024 list across the â€œAI Products,â€ â€œGlobal Software Companies,â€ and â€œOffice Productsâ€ categories. 

Read what our customers have to say about us: https://t.co/paPX5MX2n9 https://t.co/9pt1MVERU3",1758542534135967834,en,2024-02-16T17:23:06.000Z,['1758542534135967834'],1758542534135967834,1,0,12,0,0,2804,,Grammarly,2024-02-16 17:23:06+00:00
"No more toggling between too many tabs. ğŸ˜µâ€ğŸ’«

Stay in the flow with app actions, a new way to access all your favorite work toolsâ€”from @Asana to @Calendly to @GIPHYâ€”directly from where youâ€™re writing, so you can save time and get more done. â³ğŸ™Œ",1758156828360462568,en,2024-02-15T15:50:27.000Z,['1758156828360462568'],1758156828360462568,10,9,42,4,1,9018,,Grammarly,2024-02-15 15:50:27+00:00
"The 2024 State of Business Communication report is almost here! ğŸ“£

Join our webinar on Feb. 21 for exclusive early access and insights on how gen AI is transforming workplace communication. RSVP below. ğŸ‘‡",1757478452343845090,en,2024-02-13T18:54:50.000Z,['1757478452343845090'],1757478452343845090,4,0,8,1,0,3136,,Grammarly,2024-02-13 18:54:50+00:00
"Move work forward faster with our ""Shorten it"" feature. â© https://t.co/86p1fHvHR5",1757120303946141886,en,2024-02-12T19:11:40.000Z,['1757120303946141886'],1757120303946141886,2,2,11,0,0,3190,,Grammarly,2024-02-12 19:11:40+00:00
"We treat every project like itâ€™s The Big Game. ğŸˆ 

#SuperBowl https://t.co/eVSMIF15Vb",1756005193727070462,en,2024-02-09T17:20:37.000Z,['1756005193727070462'],1756005193727070462,3,4,26,0,1,3498,,Grammarly,2024-02-09 17:20:37+00:00
"On-brand, all the time.

Jenna at @databricks uses Grammarly to ensure her team is always on the same page. âœ¨ https://t.co/Ic3lDeUOIH",1754550565051248697,en,2024-02-05T17:00:27.000Z,['1754550565051248697'],1754550565051248697,3,2,22,0,1,3473,,Grammarly,2024-02-05 17:00:27+00:00
Great writing gets work done. âœ… https://t.co/eVwFe9a5YK,1753448285212123479,en,2024-02-02T16:00:23.000Z,['1753448285212123479'],1753448285212123479,3,0,28,0,1,3409,,Grammarly,2024-02-02 16:00:23+00:00
Take a closer look at how weâ€™re built for teams to succeed ğŸ‘‰ https://t.co/1i1Wud59OU,1753062681387356203,en,2024-02-01T14:28:08.000Z,['1753062681387356203'],1753062628711174651,1,0,15,0,0,4601,47191725,Grammarly,2024-02-01 14:28:08+00:00
"Less word count. More words that count.

Get work done faster with Grammarly as your trusted AI writing partner, and turn your ideas into results. ğŸ™Œ https://t.co/Hwe9uZ8o4H",1753062628711174651,en,2024-02-01T14:27:55.000Z,['1753062628711174651'],1753062628711174651,21,21,99,10,14,2736612,,Grammarly,2024-02-01 14:27:55+00:00
How something is said is just as important as what is said.,1752721166404407646,en,2024-01-31T15:51:04.000Z,['1752721166404407646'],1752721166404407646,7,3,34,3,0,8286,,Grammarly,2024-01-31 15:51:04+00:00
"Do you know the difference between a CV and a rÃ©sumÃ©?

Understand the purpose of each before applying to your next job. ğŸ‘‡ https://t.co/7KxBTj2w1n",1752331082622525523,en,2024-01-30T14:01:01.000Z,['1752331082622525523'],1752331082622525523,0,1,22,1,6,4029,,Grammarly,2024-01-30 14:01:01+00:00
"When it comes to tabs, there are only two types of people.",1752003174557159511,en,2024-01-29T16:18:02.000Z,['1752003174557159511'],1752003174557159511,4,2,17,1,2,3364,,Grammarly,2024-01-29 16:18:02+00:00
"Managers can proactively motivate their teams, creating a culture of productivity at work. Hereâ€™s how. ğŸ™Œ https://t.co/MUZCy7IIxw",1750925324890607784,en,2024-01-26T16:55:02.000Z,['1750925324890607784'],1750925324890607784,4,2,13,0,0,3624,,Grammarly,2024-01-26 16:55:02+00:00
"ICYMI, last week we launched our new voice features that help your writing stay true to . . . you. ğŸ˜‡

If youâ€™re a Grammarly Business user, you can now drive more impact without sacrificing how you actually sound. https://t.co/V7jEtSuQv4",1750589124803797430,en,2024-01-25T18:39:06.000Z,['1750589124803797430'],1750589124803797430,1,1,12,1,2,3277,,Grammarly,2024-01-25 18:39:06+00:00
What's your biggest email pet peeve? ğŸ«£,1750558901500608537,en,2024-01-25T16:39:00.000Z,['1750558901500608537'],1750558901500608537,1,9,9,0,0,5860,,Grammarly,2024-01-25 16:39:00+00:00
"5ï¸âƒ£ ways to avoid miscommunication at work:

âœï¸ Put it in writing so readers can refer to it
â— Be concise and include only essential information
ğŸ‘‰ Format your work for easy reading
ğŸ“Š Use photos or charts to help show, not just tell
â“ Ask clarifying questions",1749826849952215197,en,2024-01-23T16:10:05.000Z,['1749826849952215197'],1749826849952215197,2,1,14,1,1,3702,,Grammarly,2024-01-23 16:10:05+00:00
"You know what else is amazing? Saving more than 6,200 hours per year! 

Check out how @modmed boosted productivity across their organization ğŸ‘‰ https://t.co/YtikTPWwj9 https://t.co/G98kowXAuF",1749799168166813871,en,2024-01-23T14:20:06.000Z,['1749799168166813871'],1749799168166813871,1,1,9,0,1,3060,,Grammarly,2024-01-23 14:20:06+00:00
"When I write at work, I strive to be:",1749469966087102804,en,2024-01-22T16:31:58.000Z,['1749469966087102804'],1749469966087102804,0,3,4,0,0,3502,,Grammarly,2024-01-22 16:31:58+00:00
"How can institutions better embrace #genAI to help empower their students? ğŸ’» 

Learn from @Rasmussen University about its journey toward implementing this technology responsibly and why Grammarly is the universityâ€™s preferred tool. https://t.co/ayDuMSrpDw",1748387588044648846,en,2024-01-19T16:50:59.000Z,['1748387588044648846'],1748387588044648846,2,1,10,0,1,3088,,Grammarly,2024-01-19 16:50:59+00:00
"In 5 words or less, give us your best productivity tip. ğŸ‘‡",1748380047411417592,en,2024-01-19T16:21:01.000Z,['1748380047411417592'],1748380047411417592,0,13,11,1,0,5991,,Grammarly,2024-01-19 16:21:01+00:00
"AI is changing how we teach and will continue to do so for years to come. ğŸ”® 

On January 24, weâ€™ll talk to Dr. Leo Lo from @UNM to gain insights into how schools and institutions can develop AI literacy for all faculty, staff, and students. RSVP here ğŸ‘‰ https://t.co/jF2tujidO1 https://t.co/PN7GLKHjM3",1747666936983675023,en,2024-01-17T17:07:22.000Z,['1747666936983675023'],1747666936983675023,3,0,11,1,1,2988,,Grammarly,2024-01-17 17:07:22+00:00
"Writing well starts with knowing how you sound. âœ…

Grammarlyâ€™s new voice features describe your writing style (to a tee) and can rewrite text to sound, well, just like you. ğŸ˜‡ If you're a Grammarly Business user, check it out for yourself! https://t.co/juZQDran1o",1747295233614692365,en,2024-01-16T16:30:21.000Z,['1747295233614692365'],1747295233614692365,5,2,15,1,3,3357,,Grammarly,2024-01-16 16:30:21+00:00
"Did you know that 80% of organizations have DEIB initiatives underway, but many struggle to achieve results? ğŸ‘€

Join us and HR leaders from @indeed, @LatticeHQ, and @prdgm to learn how to implement your DEIB strategies with the right tools. RSVP here ğŸ‘‰ https://t.co/pVI99SCVGW https://t.co/YXHqiWIDin",1746915918523867184,en,2024-01-15T15:23:05.000Z,['1746915918523867184'],1746915918523867184,2,0,14,0,1,3286,,Grammarly,2024-01-15 15:23:05+00:00
"4ï¸âƒ£ email sign-offs with a personal touch:

ğŸ“§ Iâ€™m looking forward to starting this project with you
ğŸ“§ Thank you so much for this opportunity
ğŸ“§ I appreciate your help
ğŸ“§ Thank you for your hard work",1745849117895458936,en,2024-01-12T16:44:00.000Z,['1745849117895458936'],1745849117895458936,4,2,24,2,3,4926,,Grammarly,2024-01-12 16:44:00+00:00
"Cold doesnâ€™t have to mean stiff. Hereâ€™s how to write a thoughtful, professional cold email to kick-start a connection. ğŸ¤ https://t.co/z01jyt9H68",1745484465374175624,en,2024-01-11T16:35:00.000Z,['1745484465374175624'],1745484465374175624,1,2,15,1,3,3262,,Grammarly,2024-01-11 16:35:00+00:00
"Were you the straight talker or the luminary? ğŸ¤©  

Swipe through to discover our different communication styles, and head to your inbox to check out what yours was in 2023!",1745145178095059357,en,2024-01-10T18:06:48.000Z,['1745145178095059357'],1745145178095059357,4,4,18,1,1,3531,,Grammarly,2024-01-10 18:06:48+00:00
"â€œA great tool not just for us as individuals, but for our full extended team.â€ ğŸ§ğŸ‘‰ğŸ§‘â€ğŸ¤â€ğŸ§‘ğŸ§‘â€ğŸ¤â€ğŸ§‘ 

Hear how our customers use Grammarlyâ€™s team features to write sharper and accomplish more at work. https://t.co/fLEghKDu0q",1744758552797810869,en,2024-01-09T16:30:29.000Z,['1744758552797810869'],1744758552797810869,1,1,13,0,0,2914,,Grammarly,2024-01-09 16:30:29+00:00
Which work skill do you most want to improve?,1744380703976886620,en,2024-01-08T15:29:03.000Z,['1744380703976886620'],1744380703976886620,3,0,7,1,0,3296,,Grammarly,2024-01-08 15:29:03+00:00
"New year, new job? Let Grammarly help you tackle your next job application. ğŸ™Œ https://t.co/vlgIVh3nHu",1743352920429478015,en,2024-01-05T19:25:00.000Z,['1743352920429478015'],1743352920429478015,1,0,11,0,0,3678,,Grammarly,2024-01-05 19:25:00+00:00
"Who else wants to work smarter, not harder? ğŸ™Œ ğŸ˜

@bakosjen, a tech marketing professional and Grammarly Ambassador, uses Grammarly to streamline her daily marketing tasks! The best part? She shares all her tricks in the blog post below!ğŸ‘‡",1743310436811043166,en,2024-01-05T16:36:11.000Z,['1743310436811043166'],1743310436811043166,3,1,12,0,0,3186,,Grammarly,2024-01-05 16:36:11+00:00
"Whoâ€™s energized to kick off the new year with 3 new G2 badges? We are! ğŸ™Œ 

Weâ€™re grateful to our customers for their 4,800+ 5-star reviews of our enterprise product! See what they have to say about us: https://t.co/hi6Acu4TX3 https://t.co/aU1DI2j8HE",1742931428625772933,en,2024-01-04T15:30:09.000Z,['1742931428625772933'],1742931428625772933,2,1,16,1,1,3224,,Grammarly,2024-01-04 15:30:09+00:00
"â€œAt the heart of regulation is the need for a unified approach to responsible AI development and deployment.â€

Our CEO, @rahulrc, shares why he believes open-source development is the cornerstone of an innovative AI industry on @WEFâ€™s Agenda blog. ğŸ‘‡ https://t.co/mXUdg4QdNi",1742626383145152876,en,2024-01-03T19:18:00.000Z,['1742626383145152876'],1742626383145152876,0,0,2,0,0,3025,,Grammarly,2024-01-03 19:18:00+00:00
What are your work goals this year? â¬‡ï¸,1742571018042912932,en,2024-01-03T15:38:00.000Z,['1742571018042912932'],1742571018042912932,1,4,8,0,2,6598,,Grammarly,2024-01-03 15:38:00+00:00
The first word you find is your writing tone for 2024. Whatâ€™s yours? ğŸ‘€ https://t.co/Pmt7xhQuo8,1742214233079578831,en,2024-01-02T16:00:16.000Z,['1742214233079578831'],1742214233079578831,2,13,14,4,0,4976,,Grammarly,2024-01-02 16:00:16+00:00
"Weâ€™re ready for you, 2024. ğŸ‘Š https://t.co/JCf33Z2Grs",1741845301214728392,en,2024-01-01T15:34:16.000Z,['1741845301214728392'],1741845301214728392,5,2,22,0,0,5528,,Grammarly,2024-01-01 15:34:16+00:00
Itâ€™s the perfect time of year to slow down and reflect on what matters most. ğŸ’­ https://t.co/KXqbmaskO8,1740767915178131675,en,2023-12-29T16:13:07.000Z,['1740767915178131675'],1740767915178131675,2,1,22,0,1,4202,,Grammarly,2023-12-29 16:13:07+00:00
"From launching our new generative AI capabilities to connecting with customers IRL, hereâ€™s to looking back on 2023 with gratitude and looking ahead to 2024 with excitement! ğŸ¤© https://t.co/JUpffmVAxT",1740400904333840637,en,2023-12-28T15:54:45.000Z,['1740400904333840637'],1740400904333840637,2,1,15,0,0,3584,,Grammarly,2023-12-28 15:54:45+00:00
Whatâ€™s one thing you learned in 2023 that you want to bring into 2024? âœ¨,1740042879798591913,en,2023-12-27T16:12:05.000Z,['1740042879798591913'],1740042879798591913,1,8,12,3,1,6825,,Grammarly,2023-12-27 16:12:05+00:00
How are we feeling on this last week of 2023?,1739711589220253972,en,2023-12-26T18:15:39.000Z,['1739711589220253972'],1739711589220253972,0,0,3,0,0,3599,,Grammarly,2023-12-26 18:15:39+00:00
May your days be bright and your inbox be light. âœ¨ğŸ“§ https://t.co/QSIY1F1I0U,1738221633758748675,en,2023-12-22T15:35:06.000Z,['1738221633758748675'],1738221633758748675,1,1,11,0,0,3310,,Grammarly,2023-12-22 15:35:06+00:00
We work at Grammarlyâ€”of course we used Grammarly to check the script for this video. ğŸ˜‰ https://t.co/niMiC3tM1O,1737858344109695227,en,2023-12-21T15:31:31.000Z,['1737858344109695227'],1737858344109695227,4,0,16,2,3,3180,,Grammarly,2023-12-21 15:31:31+00:00
"From San Franciscoâ€™s wreath-making workshop to Berlinâ€™s end-of-year talent show and disco party, we are grateful for our team members and the opportunity to reflect on a fantastic year. Happy holidays from our team to yours! âœ¨ ğŸ’š https://t.co/NJfIzdIaWw",1737503308669919651,en,2023-12-20T16:00:44.000Z,['1737503308669919651'],1737503308669919651,1,0,13,0,0,2800,,Grammarly,2023-12-20 16:00:44+00:00
"If you're polishing up your rÃ©sumÃ©, check for these 7 things before submitting your next application. ğŸ‘‡ 
https://t.co/js1kjmMqEV",1737495592136220768,en,2023-12-20T15:30:04.000Z,['1737495592136220768'],1737495592136220768,0,0,9,0,3,2691,,Grammarly,2023-12-20 15:30:04+00:00
How often do you use time-boxing techniques to break your workday into manageable chunks? â²ï¸,1737145166409134132,en,2023-12-19T16:17:36.000Z,['1737145166409134132'],1737145166409134132,3,0,5,1,0,3279,,Grammarly,2023-12-19 16:17:36+00:00
"Episode 2 of â€œMythbusting Mondaysâ€ is here! ğŸ™ï¸ğŸ’¥

In this new episode, Vikki, our InfoSec Sales Engineer, shares all about data storage and the steps Grammarly takes to provide you with the best, most secure writing assistance. https://t.co/UcHlHnxmXC",1736801155714363781,en,2023-12-18T17:30:38.000Z,['1736801155714363781'],1736801155714363781,1,0,12,1,0,3581,,Grammarly,2023-12-18 17:30:38+00:00
"Our newest hub in Seattle is officially open! ğŸ‰

Weâ€™re enthusiastic about how this space will give us opportunities to connect and collaborate in personâ€”and we are eager to create new memories together! ğŸ’š

PS: Weâ€™re hiring: https://t.co/jMSSq6WyI2 https://t.co/1ZLVurpn9f",1735713959104102725,en,2023-12-15T17:30:30.000Z,['1735713959104102725'],1735713959104102725,0,2,19,0,0,3705,,Grammarly,2023-12-15 17:30:30+00:00
"Struggling with how to politely remind someone to get back to you before the week is over? Here are some tips. ğŸ‘‡
https://t.co/4i3s0ZRdai",1735683890667237834,en,2023-12-15T15:31:01.000Z,['1735683890667237834'],1735683890667237834,2,2,10,2,2,3903,,Grammarly,2023-12-15 15:31:01+00:00
Listen actively and intentionally to collaborate more effectively. ğŸ¤ https://t.co/ZUjB9nCoAI,1735380160256368644,en,2023-12-14T19:24:06.000Z,['1735380160256368644'],1735380160256368644,7,2,21,2,1,4066,,Grammarly,2023-12-14 19:24:06+00:00
"When CEO @dancane of healthcare software company @modmed found his teams could achieve more with better and faster communication, he turned to Grammarlyâ€”and got results. ğŸ™Œ

Hear how ModMed saved 158.3 hours per year per employee and gained 28X ROI with #genAI. ğŸ“ˆ https://t.co/j5KqyN0eR6",1735329078868136325,en,2023-12-14T16:01:07.000Z,['1735329078868136325'],1735329078868136325,3,0,17,0,0,195590,,Grammarly,2023-12-14 16:01:07+00:00
"Make strides in your writingâ€”on the go. Use Grammarlyâ€™s generative AI to craft high-quality writing where itâ€™s most convenient for you (AKA anywhere). ğŸ“² 

Check it out now on iOS! ğŸ‘‰ https://t.co/AfWQtAqCVx https://t.co/KZPIRGLHI7",1735050853411623064,en,2023-12-13T21:35:33.000Z,['1735050853411623064'],1735050853411623064,9,4,26,5,1,365561,,Grammarly,2023-12-13 21:35:33+00:00
Which of the new features are you most excited to try?,1734620861041119579,en,2023-12-12T17:06:55.000Z,['1734620861041119579'],1734620412766495051,0,0,4,0,0,2242,47191725,Grammarly,2023-12-12 17:06:55+00:00
"Product? Updated. âœ¨
Productivity? Boosted. ğŸ“ˆ",1734620412766495051,en,2023-12-12T17:05:08.000Z,['1734620412766495051'],1734620412766495051,14,6,39,5,3,236207,,Grammarly,2023-12-12 17:05:08+00:00
Word association: What comes to mind when you think of the holiday season? âœ¨,1734232071856415098,en,2023-12-11T15:22:01.000Z,['1734232071856415098'],1734232071856415098,1,12,14,1,0,6280,,Grammarly,2023-12-11 15:22:01+00:00
"Today weâ€™re welcoming Jennifer Miller as Grammarlyâ€™s General Counsel! ğŸ™Œ 

Her experience working at innovative hyper-growth tech companies makes her the perfect fit to help us scale Grammarly as the leading AI writing partner for work. https://t.co/nRYEqFENwf",1733177193432563970,en,2023-12-08T17:30:18.000Z,['1733177193432563970'],1733177193432563970,5,1,18,0,0,3466,,Grammarly,2023-12-08 17:30:18+00:00
"If youâ€™re not using these Grammarly features for work, you will after watching this. ğŸ‘‡ https://t.co/8II62XBPCF",1732855358966649201,en,2023-12-07T20:11:27.000Z,['1732855358966649201'],1732855358966649201,0,3,32,0,9,264893,,Grammarly,2023-12-07 20:11:27+00:00
"Exciting newsâ€”Grammarly is now available in the @MicrosoftStore, making it even easier to improve your writing across all your favorite apps and websites!

Try it today to see the difference it can make ğŸ‘‰ https://t.co/0X2vo9Yvif https://t.co/cUAeSleKP6",1732784050442526755,en,2023-12-07T15:28:05.000Z,['1732784050442526755'],1732784050442526755,0,1,18,2,2,3607,,Grammarly,2023-12-07 15:28:05+00:00
"Did you know businesses using Grammarly save an average of 19 working days per employee per year? ğŸ¤¯ 

Check out more data about how saving time can result in saving money. ğŸ‘‡ https://t.co/XHNwIH7yBS",1732418377077989807,en,2023-12-06T15:15:02.000Z,['1732418377077989807'],1732418377077989807,0,0,9,0,0,2689,,Grammarly,2023-12-06 15:15:02+00:00
Hereâ€™s what itâ€™s like during our collaboration weeks at the Grammarly hub in SF! ğŸŒ https://t.co/PZUYbA36Rl,1732127208683020659,en,2023-12-05T19:58:02.000Z,['1732127208683020659'],1732127208683020659,0,0,6,0,0,2730,,Grammarly,2023-12-05 19:58:02+00:00
"Reframe negative phrases into confident responses at work: 

I donâ€™t know how to do that. ğŸ‘‰ Iâ€™ll figure it out.
I canâ€™t finish this on time.  ğŸ‘‰  Iâ€™ll do my best and let you know if I need more time.
I messed up. ğŸ‘‰  I made a mistake, but I can find a solution.",1732063561612972321,en,2023-12-05T15:45:07.000Z,['1732063561612972321'],1732063561612972321,0,0,15,0,4,3339,,Grammarly,2023-12-05 15:45:07+00:00
"When trust is the foundation of your business, customers value it. ğŸ¤

Q/C: Michael Roseman, COO at @OneSourceV https://t.co/zAd7T0TYiM",1731782543954063790,en,2023-12-04T21:08:28.000Z,['1731782543954063790'],1731782543954063790,1,0,6,0,0,3031,,Grammarly,2023-12-04 21:08:28+00:00
How are you feeling about the fact that itâ€™s December?,1731710972153168253,en,2023-12-04T16:24:04.000Z,['1731710972153168253'],1731710972153168253,1,0,11,0,0,3253,,Grammarly,2023-12-04 16:24:04+00:00
Make the day go more smoothly for youâ€”and your coworkersâ€”with proper email etiquette. ğŸ˜‰ https://t.co/bUuqwpTB2Z,1730629968265203919,en,2023-12-01T16:48:32.000Z,['1730629968265203919'],1730629968265203919,1,2,11,0,1,3352,,Grammarly,2023-12-01 16:48:32+00:00
Your 2023 Writing Wrapped is here. ğŸ‘‡,1730292389594722627,en,2023-11-30T18:27:07.000Z,['1730292389594722627'],1730292389594722627,3,1,10,0,1,3493,,Grammarly,2023-11-30 18:27:07+00:00
"Who doesn't love a good #genAI success story? ğŸ™Œ ğŸ™‹

Hear how our customers transformed their businesses with generative AI this year and get a sneak peak into our 2024 roadmap. ğŸ‘‡ RSVP for our webinar below!",1729893365611974911,en,2023-11-29T16:01:32.000Z,['1729893365611974911'],1729893365611974911,4,1,14,0,0,3243,,Grammarly,2023-11-29 16:01:32+00:00
"When your message is easy to understand, it saves everyone time. â° https://t.co/9FffgFOQA0",1729530870539641115,en,2023-11-28T16:01:07.000Z,['1729530870539641115'],1729530870539641115,2,0,20,0,0,3655,,Grammarly,2023-11-28 16:01:07+00:00
"Every professionalâ€™s daily struggle with writing:

 ğŸ˜ This will take me 5 minutes
 ğŸ˜© 30 minutes later
 ğŸ˜ This will take me 5 minutes
 ğŸ˜© 30 minutes later
 ğŸ˜ This will take me 5 minutes",1729167453249257756,en,2023-11-27T15:57:01.000Z,['1729167453249257756'],1729167453249257756,1,2,18,1,0,4069,,Grammarly,2023-11-27 15:57:01+00:00
"The right words arenâ€™t hard to come by as long as you have Grammarly. ğŸ™Œ

Donâ€™t miss out on our best deal of the year ğŸ‘‰ https://t.co/keQhWSAHbr https://t.co/jXakhTkAfl",1728041090559713395,en,2023-11-24T13:21:16.000Z,['1728041090559713395'],1728041090559713395,10,3,43,1,4,474187,,Grammarly,2023-11-24 13:21:16+00:00
What are you grateful for today? ğŸ’š #Thanksgiving https://t.co/H7u8LL4NTW,1727712635360096707,en,2023-11-23T15:36:06.000Z,['1727712635360096707'],1727712635360096707,2,6,35,0,0,7822,,Grammarly,2023-11-23 15:36:06+00:00
We couldnâ€™t be more thankful for our awesome customers who make Grammarly what it is today. Your support means everything to us! ğŸ’š https://t.co/FwJAav0fkQ,1727369092019978506,en,2023-11-22T16:50:59.000Z,['1727369092019978506'],1727369092019978506,3,1,14,0,0,4060,,Grammarly,2023-11-22 16:50:59+00:00
Here are 8 ways to express gratitude this #Thanksgiving. ğŸ™ https://t.co/PvdIISB0kI,1727078936973091212,en,2023-11-21T21:38:00.000Z,['1727078936973091212'],1727078936973091212,5,1,13,0,1,3992,,Grammarly,2023-11-21 21:38:00+00:00
Which feature you didnâ€™t previously know about are you most excited to use? ğŸ¤”,1726672038948225178,en,2023-11-20T18:41:08.000Z,['1726672038948225178'],1726671726803832832,0,1,5,0,0,2634,47191725,Grammarly,2023-11-20 18:41:08+00:00
Studentsâ€”this oneâ€™s for you. ğŸ‘€ https://t.co/vj9CaajaJj,1726671726803832832,en,2023-11-20T18:39:54.000Z,['1726671726803832832'],1726671726803832832,2,2,13,0,1,4053,,Grammarly,2023-11-20 18:39:54+00:00
"This recognition from our customers means a lot, and we believe it highlights the value we provide to professionals and businesses every day. ğŸ¤

Learn more about what our customers have to say about us onÂ @Gartner_inc ğŸ‘‰Â https://t.co/Q2l6A6OIm6 https://t.co/ln6jli6oks",1725579527869604109,en,2023-11-17T18:19:53.000Z,['1725579527869604109'],1725579527869604109,5,2,21,0,0,280148,,Grammarly,2023-11-17 18:19:53+00:00
"The best teams work to listen, understand, and communicate with empathy. ğŸ¤",1725170865191407678,en,2023-11-16T15:16:01.000Z,['1725170865191407678'],1725170865191407678,0,3,13,2,1,4304,,Grammarly,2023-11-16 15:16:01+00:00
"No one:

Me when Grammarly says, â€œYou made that look easy!â€:
ğŸ’â€â™‚ï¸ğŸ¤©ğŸ™ŒğŸ’¯",1724897313171075397,en,2023-11-15T21:09:01.000Z,['1724897313171075397'],1724897313171075397,1,2,12,0,0,4188,,Grammarly,2023-11-15 21:09:01+00:00
Marketers: In which areas do you need more support at work? ğŸ‘€,1724827945813094462,en,2023-11-15T16:33:22.000Z,['1724827945813094462'],1724827945813094462,1,2,6,0,0,3932,,Grammarly,2023-11-15 16:33:22+00:00
Think of your LinkedIn summary as the trailer to the movie of your professional life. Is yours a standout? ğŸ¤” https://t.co/lX38lJGIqm,1724471256282431829,en,2023-11-14T16:56:01.000Z,['1724471256282431829'],1724471256282431829,0,1,7,0,1,3318,,Grammarly,2023-11-14 16:56:01+00:00
"Weâ€™re using AI to empower people to do betterâ€”not moreâ€”work through smoother communication.

Watch our CEO, @rahulrc, talk on @NDTV about how to use AI responsibly and well. ğŸ‘‡ https://t.co/gs1yIAUF44",1724150809569423685,en,2023-11-13T19:42:40.000Z,['1724150809569423685'],1724150809569423685,0,1,4,1,0,6377,,Grammarly,2023-11-13 19:42:40+00:00
Hereâ€™s a trick to reach inbox zero before the end of the year: Summarize emails and respond in a flash using our quick-reply feature. ğŸª„ https://t.co/h6sTLX9s8v,1724083527719727309,en,2023-11-13T15:15:19.000Z,['1724083527719727309'],1724083527719727309,2,2,19,0,1,147264,,Grammarly,2023-11-13 15:15:19+00:00
Whatâ€™s a catchphrase you like to use that throws people off? ğŸ¤­,1723055430664860110,en,2023-11-10T19:10:02.000Z,['1723055430664860110'],1723055430664860110,1,9,14,0,0,9998,,Grammarly,2023-11-10 19:10:02+00:00
Fill in the blankâ€”literally. ğŸ˜‰ https://t.co/ZM7xj6g77D,1722674649819906340,en,2023-11-09T17:56:56.000Z,['1722674649819906340'],1722674649819906340,1,2,19,0,3,75726,,Grammarly,2023-11-09 17:56:56+00:00
"Join our product experts on November 14 to learn how our #genAI features can help you and your team create better content and simplify communication. âœ…

Youâ€™ll also get a sneak peek of our upcoming voice features. ğŸ˜‰ RSVP below!",1722270967131787397,en,2023-11-08T15:12:51.000Z,['1722270967131787397'],1722270967131787397,0,0,5,0,0,3396,,Grammarly,2023-11-08 15:12:51+00:00
"4ï¸âƒ£ tips for using email threads effectively to make your workday more productive. ğŸ‘‡ 
https://t.co/zk73Gyk9iV",1721970023567147363,en,2023-11-07T19:17:00.000Z,['1721970023567147363'],1721970023567147363,0,0,4,0,0,2581,,Grammarly,2023-11-07 19:17:00+00:00
Weâ€™re just making sure our voice still works before our next meeting. ğŸ˜… https://t.co/NP3wFdVSBf,1721939638414164440,en,2023-11-07T17:16:16.000Z,['1721939638414164440'],1721939638414164440,0,1,7,0,0,3416,,Grammarly,2023-11-07 17:16:16+00:00
Where do you fall when it comes to business acronyms at your company? ğŸ‘‡,1721612695848284484,en,2023-11-06T19:37:07.000Z,['1721612695848284484'],1721612695848284484,0,1,8,0,0,3585,,Grammarly,2023-11-06 19:37:07+00:00
"Are you ready to bust some myths? ğŸ«µ ğŸ’­ ğŸ’¥  

Introducing â€œMythbusting Mondays,â€ a video series in which our InfoSec Sales Engineer, Vikki, tackles misconceptions about Grammarlyâ€™s privacy and security practices and reveals the truth behind these myths. ğŸ™Œ https://t.co/3CIkXydiDn",1721565799456895338,en,2023-11-06T16:30:46.000Z,['1721565799456895338'],1721565799456895338,1,0,10,1,0,4341,,Grammarly,2023-11-06 16:30:46+00:00
These Barbies and Kens took over Grammarlyâ€™s San Francisco hub. ğŸ¤© ğŸ©· https://t.co/hdIMrCeN6L,1720520092989972775,en,2023-11-03T19:15:30.000Z,['1720520092989972775'],1720520092989972775,1,1,9,0,1,4287,,Grammarly,2023-11-03 19:15:30+00:00
"Weâ€™re curious, how many hours per week do YOU think you spend collaborating with your team? ğŸ‘€ â±ï¸ https://t.co/1xch7O9JPI",1720159111910707664,en,2023-11-02T19:21:05.000Z,['1720159111910707664'],1720159111910707664,0,1,7,0,0,4301,,Grammarly,2023-11-02 19:21:05+00:00
"How does Grammarly foster cross-functional communication and build trust with our teams across the globe? ğŸŒ

Check out the insights from our leaders in @BuiltInSF below! ğŸ‘‡ https://t.co/qRUepC6CaY",1720124872855269393,en,2023-11-02T17:05:02.000Z,['1720124872855269393'],1720124872855269393,0,0,6,0,0,3158,,Grammarly,2023-11-02 17:05:02+00:00
"Sharing how to prioritize mental health at work can benefit us all. ğŸ’š

Here are a few ways from our community, The Grammarly Collective. https://t.co/5Oks1snZHP",1719738842859589990,en,2023-11-01T15:31:05.000Z,['1719738842859589990'],1719738842859589990,3,6,14,0,2,5389,,Grammarly,2023-11-01 15:31:05+00:00
Scare someone in the corporate world using 5 words or less. ğŸ‘‡,1719413680729624937,en,2023-10-31T17:59:01.000Z,['1719413680729624937'],1719413680729624937,1,9,8,0,0,8855,,Grammarly,2023-10-31 17:59:01+00:00
Who else is racing against the clock to finish everything before the end of the day? ğŸ™‹ ğŸ‘» #HappyHalloween https://t.co/lOQenOQZJs,1719383862030000355,en,2023-10-31T16:00:31.000Z,['1719383862030000355'],1719383862030000355,3,0,17,1,1,4431,,Grammarly,2023-10-31 16:00:31+00:00
"Generative AI shouldnâ€™t be a nightmare. ğŸ˜±

Learn from Grammarlyâ€™s CISO how to differentiate between the real and overhyped threats of generative #AI and ways to protect your company against them. ğŸ‘‡ https://t.co/hPVNMYuiGL",1719004484742029588,en,2023-10-30T14:53:01.000Z,['1719004484742029588'],1719004484742029588,1,0,13,0,0,3649,,Grammarly,2023-10-30 14:53:01+00:00
Itâ€™s always the right time to prioritize better communication to help you and your team succeed. ğŸ¤,1717994607584084135,en,2023-10-27T20:00:07.000Z,['1717994607584084135'],1717994607584084135,0,2,10,1,0,5936,,Grammarly,2023-10-27 20:00:07+00:00
"How to translate â€œThatâ€™s not my jobâ€ into corporate speak. ğŸ‘‡

#WorkHumor #CorporateJargon https://t.co/O3hcNuYS1o",1717929237041029488,en,2023-10-27T15:40:22.000Z,['1717929237041029488'],1717929237041029488,4,1,29,0,6,5713,,Grammarly,2023-10-27 15:40:22+00:00
"Spooky season is upon us, and with it come the horrors of these communication faux pas! ğŸ˜± Which one is your worst nightmare?",1717580526037672188,en,2023-10-26T16:34:43.000Z,['1717580526037672188'],1717580526037672188,2,3,10,0,0,3930,,Grammarly,2023-10-26 16:34:43+00:00
Better communication â¡ï¸ better results. https://t.co/H6DsaMHdIo,1717298139860984239,en,2023-10-25T21:52:37.000Z,['1717298139860984239'],1717298139860984239,2,0,11,0,1,4357,,Grammarly,2023-10-25 21:52:37+00:00
"We could tell you that Grammarly is the leading AI writing partner for the enterprise. Or, we could show you. ğŸ‘‡",1717244295038521616,en,2023-10-25T18:18:39.000Z,['1717244295038521616'],1717244295038521616,6,0,13,1,0,4474,,Grammarly,2023-10-25 18:18:39+00:00
"Writing a sensitive message can be tricky. At Grammarly, we believe that #AI can be a powerful tool, but we also know that what works in one context might not in another.

Learn more about how we handle delicate and sensitive writing suggestions. âœï¸ https://t.co/PBw8UH6pwd",1716893070497591319,en,2023-10-24T19:03:00.000Z,['1716893070497591319'],1716893070497591319,2,0,6,0,0,3359,,Grammarly,2023-10-24 19:03:00+00:00
"Watch our CEO, @rahulrc, share how Grammarly stays committed to solving real user problems and why company culture is important to product development. https://t.co/3yLYqh827b",1716850182963515652,en,2023-10-24T16:12:35.000Z,['1716850182963515652'],1716850182963515652,0,0,9,0,0,5183,,Grammarly,2023-10-24 16:12:35+00:00
"If you had an extra 2 hours in your workday, how would you use them?",1716545629823123584,en,2023-10-23T20:02:24.000Z,['1716545629823123584'],1716545629823123584,2,2,9,2,0,5168,,Grammarly,2023-10-23 20:02:24+00:00
Donâ€™t let the wrong email sign-off undermine your important message. Hereâ€™s how to end on a good note. ğŸ‘‹ https://t.co/OjFgrsHyn7,1716480099266986057,en,2023-10-23T15:42:00.000Z,['1716480099266986057'],1716480099266986057,2,0,11,0,1,4423,,Grammarly,2023-10-23 15:42:00+00:00
"This weekâ€™s Gartner IT Symposium was one for the books! ğŸ™Œ

Our team had a great time connecting with IT leaders and sharing how to bring safe and responsible #AI to companies so that they can get their work done faster and better. ğŸ¤ #GartnerSYM https://t.co/SbkxN3owhC",1715405119280353666,en,2023-10-20T16:30:25.000Z,['1715405119280353666'],1715405119280353666,3,0,12,1,0,5530,,Grammarly,2023-10-20 16:30:25+00:00
How would you rate your companyâ€™s internal communication? ğŸ¤”,1715104152270057636,en,2023-10-19T20:34:29.000Z,['1715104152270057636'],1715104152270057636,0,1,5,0,0,5279,,Grammarly,2023-10-19 20:34:29+00:00
A small shift in language can make a big difference in what you achieve. ğŸ™Œ,1715046151756382422,en,2023-10-19T16:44:01.000Z,['1715046151756382422'],1715046151756382422,3,3,22,0,0,5370,,Grammarly,2023-10-19 16:44:01+00:00
Why is developing your communication skills at work important to you? To improve . . . ğŸ‘‡,1714721707292852296,en,2023-10-18T19:14:47.000Z,['1714721707292852296'],1714721707292852296,1,3,6,0,0,5669,,Grammarly,2023-10-18 19:14:47+00:00
"We use responsible AI to augmentâ€”not replaceâ€”studentsâ€™ critical-thinking and communication skills and help institutions better prepare students for their future. ğŸ¤

Click below to discover more about the #AI innovations changing the learning experience.",1714660865868451933,en,2023-10-18T15:13:01.000Z,['1714660865868451933'],1714660865868451933,1,0,8,0,2,4015,,Grammarly,2023-10-18 15:13:01+00:00
"Attending the GartnerÂ®ï¸ IT Symposium/Xpoâ„¢ï¸ in Orlando? ğŸ‘‹ Join the Grammarly team for an intimate networking hour!

Stop by to connect and enjoy food and drinks with your peers. Oh, and did we mention prizes? RSVP below! ğŸ‘‡ #GartnerSYM",1714354771891798030,en,2023-10-17T18:56:43.000Z,['1714354771891798030'],1714354771891798030,1,0,12,0,0,4181,,Grammarly,2023-10-17 18:56:43+00:00
"â€œSolutions that are designed to improve internal team skills and productivity will naturally have a positive impact on customer interactions and brand image.â€ 

Great read in @cmswire on setting an intentional #genAI strategy in CX and marketing! ğŸ‘‡",1714302827718451480,en,2023-10-17T15:30:18.000Z,['1714302827718451480'],1714302827718451480,0,0,9,0,0,3326,,Grammarly,2023-10-17 15:30:18+00:00
"Time is preciousâ€”weâ€™re here to help you make the most of it. â³ 

What could you and your team achieve with an extra day each week? https://t.co/OqqHtr7Ylo",1714003551653966151,en,2023-10-16T19:41:06.000Z,['1714003551653966151'],1714003551653966151,2,0,8,0,0,4349,,Grammarly,2023-10-16 19:41:06+00:00
"IT leaders at #GartnerSYM: Do you want to save your organization time and money without creating new security concerns? Us, too!

Meet our team at booth #1007, and donâ€™t miss our CISOâ€™s session, â€œThe CIO Playbook for Minimizing the Risk of Generative AI,â€ on Oct. 19! ğŸ‘‡",1713940629670248742,en,2023-10-16T15:31:04.000Z,['1713940629670248742'],1713940629670248742,0,0,6,0,0,3720,,Grammarly,2023-10-16 15:31:04+00:00
"With so many marketing acronyms out there, who can remember them all? ğŸ˜… https://t.co/KMjFj1kOWE",1712897946692292941,en,2023-10-13T18:27:49.000Z,['1712897946692292941'],1712897946692292941,4,7,40,2,5,307413,,Grammarly,2023-10-13 18:27:49+00:00
"Our Grammarly for Education team had a blast at @educause this week! ğŸ™Œ

If youâ€™re an educator whoâ€™s curious about how to help empower your students this back-to-school season, hereâ€™s how we can help ğŸ‘‰ https://t.co/5s6QgemEBx

#EDU23 https://t.co/aWQAuFkGYJ",1712862870457774225,en,2023-10-13T16:08:26.000Z,['1712862870457774225'],1712862870457774225,0,3,14,0,0,3695,,Grammarly,2023-10-13 16:08:26+00:00
"To continue our #HispanicHeritageMonth celebrations, we held a DJ battle featuring the favorite LatinX songs from our Mi Gente Latina circle groups! ğŸµ

Drop yours below and enjoy the playlist here ğŸ‘‰ https://t.co/t8qKDHLdaK https://t.co/eUmJWSQrV4",1712523551826141512,en,2023-10-12T17:40:06.000Z,['1712523551826141512'],1712523551826141512,0,1,7,1,1,3543,,Grammarly,2023-10-12 17:40:06+00:00
"Who else can say theyâ€™re among the top 100 people (according to @ThisIsInsider, at least ğŸ˜‰) committed to making AI smarter, safer, and better? 

Our CEO, @rahulrc, canâ€”and heâ€™s in good company! ğŸ‘ Check out the full list! ğŸ… https://t.co/uJwiNgGJ0w",1712486289633616275,en,2023-10-12T15:12:02.000Z,['1712486289633616275'],1712486289633616275,1,0,7,0,0,2336,,Grammarly,2023-10-12 15:12:02+00:00
"Nix these filler words to sound more confident:

ğŸš« Basically
ğŸš« Just
ğŸš« Very/Really/Highly
ğŸš« Needless to say",1712177245983314252,en,2023-10-11T18:44:00.000Z,['1712177245983314252'],1712177245983314252,3,0,20,1,2,5559,,Grammarly,2023-10-11 18:44:00+00:00
"Weâ€™re proud to be #1 on G2â€™s AI writing assistance Fall Grid Reportâ€”chosen by users like you! ğŸ«µ 

See our latest reviews to learn why verified customers love and trust us ğŸ‘‰ https://t.co/hi6Acu4m7v https://t.co/cL2D4MIIMo",1712128463837008273,en,2023-10-11T15:30:10.000Z,['1712128463837008273'],1712128463837008273,10,2,23,4,1,4713,,Grammarly,2023-10-11 15:30:10+00:00
"Your company canâ€™t ignore generative AI forever. 70% of employees are already using it for all or most of their writing tasks.

Join our CISOâ€™s #GartnerSYM session to get a strategy for how to reap the rewards of gen AIâ€”without creating riskâ€”for your business. ğŸ‘‡",1711787257383059717,en,2023-10-10T16:54:20.000Z,['1711787257383059717'],1711787257383059717,1,0,13,0,1,3737,,Grammarly,2023-10-10 16:54:20+00:00
"3 simple ways to make your emails easier to read:

ğŸ”¸ Use bullet points
ğŸ”¸ Bold dates and hyperlinks
ğŸ”¸ Add line breaks",1710347438932869233,en,2023-10-06T17:33:00.000Z,['1710347438932869233'],1710347438932869233,2,1,18,0,1,4348,,Grammarly,2023-10-06 17:33:00+00:00
Create a strong professional skill set to set yourself up for success. ğŸ¤ https://t.co/gEIH54Emas,1710310771500929386,en,2023-10-06T15:07:18.000Z,['1710310771500929386'],1710310771500929386,1,0,8,0,0,4613,,Grammarly,2023-10-06 15:07:18+00:00
"Grammarly for Education is excited to attend the @EDUCAUSE Annual Conference! ğŸ¤©

Stop by booth #1743 to explore our suite of AI-powered features designed for students and learn how Grammarly can help your institution navigate the future of AI responsibly. ğŸ™Œ #EDU23 https://t.co/BTQBxjCqCX",1709999433369137442,en,2023-10-05T18:30:09.000Z,['1709999433369137442'],1709999433369137442,0,0,4,0,1,3331,,Grammarly,2023-10-05 18:30:09+00:00
"Weâ€™re on cloud nine to be included in @BatteryVenturesâ€™s 25 Highest Rated Private Cloud-Computing Companies to Work For! â˜ï¸ ğŸ™Œ

Itâ€™s great to be recognized as a place with the happiest employees in the B2B space. Check out the full list ğŸ‘‰ https://t.co/MEL7FHnVJG https://t.co/984mlT981h",1709946645243466071,en,2023-10-05T15:00:24.000Z,['1709946645243466071'],1709946645243466071,1,3,12,0,1,3245,,Grammarly,2023-10-05 15:00:24+00:00
"Whatâ€™s something youâ€™ve been waiting to start? ğŸ™Œ

QC: @melrobbins https://t.co/eMKgbug4eT",1709681321474183304,en,2023-10-04T21:26:06.000Z,['1709681321474183304'],1709681321474183304,3,0,8,0,1,4065,,Grammarly,2023-10-04 21:26:06+00:00
Save this so you can confidently answer the age-old question: â€œSo what do you do for work?â€ ğŸ¤ https://t.co/WOObhyMFNs,1709575100389863536,en,2023-10-04T14:24:00.000Z,['1709575100389863536'],1709575100389863536,0,1,6,0,3,2861,,Grammarly,2023-10-04 14:24:00+00:00
"In honor of #HispanicHeritageMonth, members of Grammarly Circle Mi Gente Latinaâ€”Anthony, Christina, and Pierinaâ€”share the importance of celebrating the richness of Hispanic and Latin cultures. ğŸ’š #HHM2023 https://t.co/xOr5HNtMLh",1709282326738337984,en,2023-10-03T19:00:38.000Z,['1709282326738337984'],1709282326738337984,1,0,3,0,0,3049,,Grammarly,2023-10-03 19:00:38+00:00
"Weâ€™re making our GartnerÂ® IT Symposium/Xpoâ„¢ debut!

Grammarlyâ€™s generative AI solutions can save your organization up to a day a week in wasted timeâ€”and our team is eager to show you how. ğŸ™Œ

Click below to find ways to connect with us. ğŸ‘‡ #GartnerSYM",1709237182987485427,en,2023-10-03T16:01:15.000Z,['1709237182987485427'],1709237182987485427,2,1,12,1,0,191617,,Grammarly,2023-10-03 16:01:15+00:00
"You asked, and we delivered. Unbe-leaf-able news! Grammarly now works with @overleaf! This means users can enjoy even more powerful writing assistance, making their essays, research papers, and everyday communication clear, mistake-free, and effective!",1709078327544172981,en,2023-10-03T05:30:01.000Z,['1709078327544172981'],1709078327544172981,7,3,50,4,5,11537,,Grammarly,2023-10-03 05:30:01+00:00
How ğŸ«¨ is ğŸ«¨ it ğŸ«¨ already ğŸ«¨ Q4 ğŸ«¨?,1708937706120564985,en,2023-10-02T20:11:14.000Z,['1708937706120564985'],1708937706120564985,4,3,28,1,0,6591,,Grammarly,2023-10-02 20:11:14+00:00
"Weâ€™re EAGER to introduce Lena Waters as Chief Marketing Officer and Heather Gille as Chief People Officer. ğŸ™Œ

Both are powerhouses with experience that lends itself well to Grammarlyâ€™s next chapterâ€”and we think itâ€™s sweet theyâ€™ve joined our C-suite. ğŸ¬ https://t.co/t1zv2KuLrI",1708874331445776390,en,2023-10-02T15:59:24.000Z,['1708874331445776390'],1708874331445776390,0,0,10,0,0,2988,,Grammarly,2023-10-02 15:59:24+00:00
"If it's not Grammarly, we don't want it. ğŸ™… https://t.co/w8NuynmGeY",1707858351651016984,en,2023-09-29T20:42:16.000Z,['1707858351651016984'],1707858351651016984,2,2,13,0,1,5598,,Grammarly,2023-09-29 20:42:16+00:00
"Curious to hear about our product roadmap and plans for the enterprise? Watch our CEO, @rahulrc, discuss with @jason on the latest @twistartups episode. ğŸ™ï¸ğŸ‘‡ https://t.co/Ug5Y1uEoSE",1707843836297220325,en,2023-09-29T19:44:35.000Z,['1707843836297220325'],1707843836297220325,3,1,10,0,0,5822,,Grammarly,2023-09-29 19:44:35+00:00
"â€œReal leaders are ordinary people with extraordinary determinations.â€

â€”John Seaman Garns",1707784056987848740,en,2023-09-29T15:47:02.000Z,['1707784056987848740'],1707784056987848740,6,1,26,0,0,4564,,Grammarly,2023-09-29 15:47:02+00:00
"Do you ever struggle searching for company terms or documents across multiple apps? We have a game-changing solution! ğŸ™Œ

If youâ€™re a Grammarly Business user, Knowledge Share provides easy access to information wherever you workâ€”without switching between tabs. https://t.co/ygNTcWhBVL",1707421968641737214,en,2023-09-28T15:48:14.000Z,['1707421968641737214'],1707421968641737214,2,1,11,0,0,3929,,Grammarly,2023-09-28 15:48:14+00:00
"How can institutions prepare students for life beyond the classroom?

Learn more about the gaps we found from our recent survey on career-prep efforts and explore what institutions can do to better support todayâ€™s students. ğŸ‘‡ https://t.co/XFjizLFBxL",1707153394165567897,en,2023-09-27T22:01:01.000Z,['1707153394165567897'],1707153394165567897,0,0,6,0,0,3161,,Grammarly,2023-09-27 22:01:01+00:00
"If you were to guess, how much has generative AI helped to increase your productivity at work? ğŸ¤”ğŸ“ˆ",1707113013617021224,en,2023-09-27T19:20:33.000Z,['1707113013617021224'],1707113013617021224,1,2,7,0,1,3449,,Grammarly,2023-09-27 19:20:33+00:00
"Weâ€™re thrilled to be recognized in the Gartner Hype Cycle for Artificial Intelligence as a Sample Vendor for Generative AI. ğŸ™Œ

Click below to get the latest insights and recommendations for how to implement #genAI in your business safely and securely.",1707055884252438945,en,2023-09-27T15:33:33.000Z,['1707055884252438945'],1707055884252438945,1,0,11,0,0,940079,,Grammarly,2023-09-27 15:33:33+00:00
"Whether youâ€™re new to Grammarly or use it daily, we want to hear from you! ğŸŒŸ
 
Help shape the future of our product and influence the development of our features by joining our Research Panel. ğŸ‘‡",1706725766157783330,en,2023-09-26T17:41:46.000Z,['1706725766157783330'],1706725766157783330,2,2,8,0,0,3419,,Grammarly,2023-09-26 17:41:46+00:00
We happen to agree. ğŸ˜‰ Who else has recently discovered our generative AI prompts? https://t.co/IyX8xzygGg,1706676385492701660,en,2023-09-26T14:25:33.000Z,['1706676385492701660'],1706676385492701660,2,2,16,0,0,6251,,Grammarly,2023-09-26 14:25:33+00:00
"Fall stands for ğŸ‚:

F - Following up on goals ğŸ¯
A - Asking for feedback ğŸ—£ï¸
L - Leveling up your rÃ©sumÃ© ğŸ“„
L - Learning new skills ğŸ§ ",1706364446329716743,en,2023-09-25T17:46:01.000Z,['1706364446329716743'],1706364446329716743,1,1,17,0,0,3690,,Grammarly,2023-09-25 17:46:01+00:00
A well-written message can motivate people to achieve the impossible. ğŸ’ª,1706321915936215538,en,2023-09-25T14:57:01.000Z,['1706321915936215538'],1706321915936215538,1,0,21,0,0,3924,,Grammarly,2023-09-25 14:57:01+00:00
"Which punctuation mark would you be and why? ğŸ¤”

#NationalPunctuationDay",1705966822816653651,en,2023-09-24T15:26:00.000Z,['1705966822816653651'],1705966822816653651,5,19,23,4,1,11406,,Grammarly,2023-09-24 15:26:00+00:00
Whatâ€™s one thing you do before the weekend to set yourself up for success on Monday? ğŸ™Œ,1705286089580187730,en,2023-09-22T18:21:01.000Z,['1705286089580187730'],1705286089580187730,0,6,13,0,1,4505,,Grammarly,2023-09-22 18:21:01+00:00
"This yearâ€™s back-to-school essential? Generative AI. ğŸ’ 

Hear from educators and Grammarly community members on how theyâ€™re embracing #genAI in the classroom to help their students become better writers and thinkers. ğŸ’¡ https://t.co/LvfaWmigFG",1704941248031682566,en,2023-09-21T19:30:44.000Z,['1704941248031682566'],1704941248031682566,7,4,29,3,3,316395,,Grammarly,2023-09-21 19:30:44+00:00
"â€œGrammarly has expanded its scope of assistance with new AI-powered features designed to help students throughout the entire writing process.â€ ğŸ“š

More on how weâ€™re equipping students with the tools they need to succeed. ğŸ‘‡ 
https://t.co/QilV8LcezR",1704558295510307293,en,2023-09-20T18:09:01.000Z,['1704558295510307293'],1704558295510307293,0,1,8,0,0,2785,,Grammarly,2023-09-20 18:09:01+00:00
Navigate difficult work conversations more easily with these tips. ğŸ¤ https://t.co/bYYOroHFtJ,1704514949467316446,en,2023-09-20T15:16:46.000Z,['1704514949467316446'],1704514949467316446,0,0,13,1,4,2773,,Grammarly,2023-09-20 15:16:46+00:00
"4 simple tips to keep your emails professional:

1ï¸âƒ£ Mention the topic in the subject line
2ï¸âƒ£ Use a confident, informative tone
3ï¸âƒ£ Keep your message focused on the main point
4ï¸âƒ£ Include clear calls to action",1704196668315345326,en,2023-09-19T18:12:02.000Z,['1704196668315345326'],1704196668315345326,3,1,12,0,2,3227,,Grammarly,2023-09-19 18:12:02+00:00
"â€œThe answer is not just bolting AI onto everything.â€

Grammarly CEO @rahulrc shares with @FastCompany why the promise of generative AI in the workplace should be about creating betterâ€”not moreâ€”work. ğŸ‘‡ https://t.co/GLkHUA9ojR",1704148409513304349,en,2023-09-19T15:00:17.000Z,['1704148409513304349'],1704148409513304349,0,0,5,0,0,2617,,Grammarly,2023-09-19 15:00:17+00:00
"Honestly, ""say more with less"" is kind of catchy. ğŸ¤” https://t.co/LHaD7qmrXZ",1703849280543613290,en,2023-09-18T19:11:39.000Z,['1703849280543613290'],1703849280543613290,1,1,12,0,1,5479,,Grammarly,2023-09-18 19:11:39+00:00
