lang,id,text,conversation_id,edit_history_tweet_ids,in_reply_to_user_id,created_at,public_metrics.retweet_count,public_metrics.reply_count,public_metrics.like_count,public_metrics.quote_count,public_metrics.bookmark_count,public_metrics.impression_count,username
en,2042462591310581856,Get started today 👉 https://t.co/kyOrhhmAXT,2042462589557371006,['2042462591310581856'],256999501,2026-04-10T04:40:03.000Z,0,0,1,0,0,642,ahrefs
en,2042462589557371006,"NEW: Bot Analytics 🤖 (free while in beta!)

Monitor which bots (such as AI bots) visit your site and how often. Optimize your crawl budget efficiently.

Works with a Cloudflare integration on any plan https://t.co/Wcv07CMVG4",2042462589557371006,['2042462589557371006'],,2026-04-10T04:40:03.000Z,10,3,10,1,3,1468,ahrefs
en,2041807272959995970,Check it out 👉 https://t.co/X80wfk2OGR,2041807271093481733,['2041807272959995970'],256999501,2026-04-08T09:16:03.000Z,0,1,1,0,0,1421,ahrefs
en,2041807271093481733,"NEW in AI Content Helper 🔥:

Bulk export or delete multiple documents at once

Add any competitor URL to benchmark against, not just from top pages in SERPs https://t.co/8xReUDrWJ0",2041807271093481733,['2041807271093481733'],,2026-04-08T09:16:03.000Z,3,4,31,0,6,714107,ahrefs
en,2041018082261352701,Check it out 👉 https://t.co/dn5KXKMeAC,2041018080684396822,['2041018082261352701'],256999501,2026-04-06T05:00:05.000Z,0,0,0,0,1,1035,ahrefs
en,2041018080684396822,"NEW in Social Media Manager:

You can now connect your Threads account 🎉.
Connect multiple IG accounts at once via Facebook login; no need to share credentials or log in account by account. https://t.co/iphRAafIkz",2041018080684396822,['2041018080684396822'],,2026-04-06T05:00:05.000Z,2,4,10,0,0,1763,ahrefs
es,2039973189002948769,Descubre más  👉 https://t.co/i8tqQPQ6u6,2039973187413324006,['2039973189002948769'],256999501,2026-04-03T07:48:03.000Z,0,0,0,0,0,720,ahrefs
es,2039973187413324006,"NUEVO en Brand Radar:

Añade etiquetas a tus prompts. Organízalos por proyecto, línea de negocio o cualquier área de enfoque que estés siguiendo 🎯

Descubre con qué frecuencia se citan fuentes de YouTube, Reddit o TikTok en las respuestas de IA. Identifica rápidamente los temas https://t.co/jQ5KYyeBwA",2039973187413324006,['2039973187413324006'],,2026-04-03T07:48:03.000Z,1,4,8,0,2,1481,ahrefs
en,2039973186893201631,Learn more 👉 https://t.co/aXgK5s5vXp,2039973185378988163,['2039973186893201631'],256999501,2026-04-03T07:48:03.000Z,0,0,0,0,0,607,ahrefs
en,2039973185378988163,"NEW in Brand Radar 🔥:

--&gt; Tag custom prompts by project, business line, or focus area

--&gt; View how often a YouTube, Reddit, or TikTok source is cited in AI responses and which formats are preferred by AI https://t.co/7AQU5K3FOX",2039973185378988163,['2039973185378988163'],,2026-04-03T07:48:02.000Z,2,2,11,0,2,927,ahrefs
en,2039191034496758102,See all the API endpoints we support 👉 https://t.co/fG6CA1dSyn,2039191032596742339,['2039191034496758102'],256999501,2026-04-01T04:00:03.000Z,0,1,1,0,2,895,ahrefs
en,2039191032596742339,"NEW: Free API endpoints for Custom Prompts and Web Analytics!

Add, delete, or pull custom prompt data and website traffic metrics.…

all without spending any API units!

Power your vibe coded reports and apps with Ahrefs data 🚀 https://t.co/M7espgTKSU",2039191032596742339,['2039191032596742339'],,2026-04-01T04:00:03.000Z,3,5,41,0,40,5269,ahrefs
en,2038496456097546522,Check out all the API endpoints we support here: https://t.co/fG6CA1dSyn,2038496454243668432,['2038496456097546522'],256999501,2026-03-30T06:00:03.000Z,0,0,1,0,4,1808,ahrefs
en,2038496454243668432,"NEW: Direct access to our API now starts from Lite! 🎉

Pull Ahrefs data directly into your vibe-coded tools and reports without the Enterprise plan.

Higher plans get more API units per month, and can call more rows per request. https://t.co/V1iv08Ondv",2038496454243668432,['2038496454243668432'],,2026-03-30T06:00:02.000Z,8,17,90,1,37,824566,ahrefs
en,2037200031724323150,Check out Report Builder: https://t.co/nCBVvzpLiP,2037200030084260227,['2037200031724323150'],256999501,2026-03-26T16:08:31.000Z,0,0,1,0,0,1312,ahrefs
en,2037200030084260227,"NEW: 3 highly requested features for Report Builder 🔥
→ Schedule and send your reports via email
→ Add rich text widgets to your reports (unlimited widget limit!)
→ Easily drag and drop widgets directly from the menu https://t.co/Zh9scP4omB",2037200030084260227,['2037200030084260227'],,2026-03-26T16:08:31.000Z,3,5,37,0,12,719273,ahrefs
en,2036565906701303822,"The future is coming. 

Sign up for the waitlist: https://t.co/Ta5zjWmOLU https://t.co/WIcgFNb1fC",2036565906701303822,['2036565906701303822'],,2026-03-24T22:08:44.000Z,15,6,59,2,25,15720,ahrefs
en,2036380514387444075,Check it out -&gt; https://t.co/nCBVvzpLiP,2036380512864923867,['2036380514387444075'],256999501,2026-03-24T09:52:03.000Z,0,0,0,0,0,995,ahrefs
en,2036380512864923867,"NEW: Higher Report Builder limits on paid plans 🎉 

Every paid plan now gets:

→ More reports, more widgets (up from 1 report, and 5 widgets)
→ Scheduling (from Standard+)

Purchase the full Report Builder tool to get 500 total widgets (up from 200) https://t.co/1vOwiEA4cG",2036380512864923867,['2036380512864923867'],,2026-03-24T09:52:03.000Z,6,4,26,0,7,739761,ahrefs
en,2035916961746391469,"Ahrefs supports keywords and languages across over 160+ countries
Try Keywords Explorer today -&gt; https://t.co/jkYJGUKKcC",2035916960035181011,['2035916961746391469'],256999501,2026-03-23T03:10:03.000Z,0,1,1,0,1,1525,ahrefs
en,2035916960035181011,"🌏 We now support keyword clustering for Korean and Taiwanese in Keyword Explorer! 

Spot local search patterns and content opportunities in new markets. https://t.co/nzkHCCOPGm",2035916960035181011,['2035916960035181011'],,2026-03-23T03:10:03.000Z,2,3,22,0,3,765867,ahrefs
en,2034950605769224298,"CLAIM YOUR SEAT 👉
https://t.co/F5BBrVKeed",2034950603395207232,['2034950605769224298'],256999501,2026-03-20T11:10:06.000Z,0,0,1,0,0,699,ahrefs
en,2034950603395207232,"LADIES AND GENTLEMEN...

The Ahrefs Showdown is BACK! 🔥 

This time, between two renowned Ahrefs heavyweights: 

PATRICK STOX and RYAN LAW!

Will the long-time Product advisor and Technical SEO titan dismantle the competition piece by piece?

Or will the Ex-Animalz CMO and https://t.co/gGOVmWuBcR",2034950603395207232,['2034950603395207232'],,2026-03-20T11:10:06.000Z,0,2,3,0,1,1037,ahrefs
en,2034891733314474046,"1️⃣ Organic Keywords, Top pages and AI Content Helper can be accessed on the free plan: https://t.co/WESA9JI2Uz

2️⃣ Site Structure can be accessed on Lite and higher plans: https://t.co/hjIIN3f7px",2034891731297087867,['2034891733314474046'],256999501,2026-03-20T07:16:10.000Z,0,0,2,0,0,787,ahrefs
en,2034891731297087867,"⚡️ Latest improvements in Site Explorer 

We added the Organic positions chart to Organic Keywords: so you can see how you rank across the SERP over time, and the keywords themselves side-by-side.

The new ""Improve with AI"" button lets you go from Top Pages to AI Content Helper https://t.co/PqFsyb7VSN",2034891731297087867,['2034891731297087867'],,2026-03-20T07:16:09.000Z,9,5,46,0,9,859904,ahrefs
en,2034555487111249996,"🪭 View fanout queries generated by AI in Brand Radar for ChatGPT and Perplexity!🪭

Uncover the additional search queries AI makes to generate their answers, and make better optimized content.

Check it out 👉 https://t.co/aXgK5s5vXp https://t.co/m9vJtcEvHg",2034555487111249996,['2034555487111249996'],,2026-03-19T09:00:02.000Z,2,1,11,0,2,1855,ahrefs
en,2033499533796085854,Check it out: https://t.co/dn5KXKMeAC,2033499531963245026,['2033499533796085854'],256999501,2026-03-16T11:04:04.000Z,0,0,0,0,0,799,ahrefs
en,2033499531963245026,"Posting image-heavy posts just got easier🔥:

- Links in the post editor now generate link previews
- Crop images after uploading: choose preset aspect ratios or go free-form
- And reorder your images without needing to delete and re-upload. https://t.co/cbYKGYtGgj",2033499531963245026,['2033499531963245026'],,2026-03-16T11:04:03.000Z,0,3,4,0,2,1747,ahrefs
en,2032396265263133112,"Stuck on prompt ideas for monitoring what AI says about your brand? Brand Radar now helps you generate prompt ideas in bulk!

Select your location, focus areas, and let AI do all the heavy lifting 💪. 

Go beyond basic questions and generate up to 50 prompt ideas at once. https://t.co/cUh26urz0s",2032396265263133112,['2032396265263133112'],,2026-03-13T10:00:04.000Z,0,4,12,0,3,2114,ahrefs
en,2031669407538204958,"New in Ahrefs Brand Radar 🔥

Cited domains, and Cited pages now include DR, UR, and Traffic metrics.

Each cited page now also indicates which target brand mentions show up in its page content.

Narrowing down authoritative mention opportunities has never been faster! ⚡️

Check https://t.co/xhwAbY66HH",2031669407538204958,['2031669407538204958'],,2026-03-11T09:51:48.000Z,2,1,9,0,2,1440,ahrefs
en,2029852500178739520,"GBP Monitor (beta) just got more powerful:

📈 Track key actions like calls, directions, and website clicks for your local business listings. 

⚡️ Update multiple Google Business Profiles in a single step with bulk edits.

Give it a try 👉https://t.co/6yEz2JoxKy https://t.co/RtVGml6dKO",2029852500178739520,['2029852500178739520'],,2026-03-06T09:32:03.000Z,0,5,7,0,3,1303,ahrefs
en,2029119743718732019,"Global Mode just got better 🔥

Now, non-English keywords display English translations underneath them. Better understand global search demand in your industry, beyond language boundaries. https://t.co/D5xmNqvuHX",2029119743718732019,['2029119743718732019'],,2026-03-04T09:00:20.000Z,4,9,50,1,12,631086,ahrefs
en,2027288509317275652,"Available on Lite and higher plans, no Brand Radar purchase required 🔥
👉 https://t.co/hjIIN3f7px",2027288502568661041,['2027288509317275652'],256999501,2026-02-27T07:43:40.000Z,0,0,0,0,0,666,ahrefs
en,2027288502568661041,"3 new charts in Brand Radar for analyzing branded search: 
📈 Total search volume, 📊 Search queries, and 🗺️ Search volume by location!

See how your branded search performance stacks against competitors.

Switch to ""Brand name only"" mode to focus on metrics for your brand and https://t.co/WGgWl6S0YW",2027288502568661041,['2027288502568661041'],,2026-02-27T07:43:38.000Z,1,2,7,0,1,1017,ahrefs
en,2026203960189620396,"Get custom prompts 👉 https://t.co/HCrDXv33X2

Learn more about how they work 👉 https://t.co/WOyXwkDq3R",2026203958176354815,['2026203960189620396'],256999501,2026-02-24T07:54:03.000Z,0,0,1,0,0,763,ahrefs
en,2026203958176354815,"Our highly requested Custom Prompts in Brand Radar is now a standalone product! 🔥

Create and track prompts across ChatGPT, Perplexity, Gemini and Copilot, starting at $50/month https://t.co/2yEWdSs8gV",2026203958176354815,['2026203958176354815'],,2026-02-24T07:54:03.000Z,1,4,5,0,3,1279,ahrefs
en,2023708004663574558,Get Always-on Audits with Project Boost Max: https://t.co/ahuGt9yklo,2023707999122887119,['2023708004663574558'],256999501,2026-02-17T10:36:01.000Z,0,1,1,0,0,734,ahrefs
en,2023707999122887119,"NEW in Site Audit, Always-on Audits: Activity feed and Notification sensitivity controls 🔥

Activity feed: A digestible way to keep up with your site in (almost) real time.

Each activity in the feed comes with AI insights – short, sharp observations on what's going on and why https://t.co/b1ktwVT63F",2023707999122887119,['2023707999122887119'],,2026-02-17T10:36:00.000Z,0,2,3,0,0,901,ahrefs
en,2023315981523722566,Claim your seat here 👉 https://t.co/pcL9JaebhW,2023315979204223387,['2023315981523722566'],256999501,2026-02-16T08:38:16.000Z,0,0,2,0,0,883,ahrefs
en,2023315979204223387,"🛎️ LADIES AND GENTLEMEN... ARE. YOU. READY.

This isn't your average webinar.
This is a SHOWDOWN!

In one corner, Ahrefs' first marketing hire and CMO who's helped scale Ahrefs' growth to 100M+ ARR...
🔵 TIM SOULO!

In the other corner, the creator of https://t.co/UV4bZ2GYqr, https://t.co/R8qB0MEzgS",2023315979204223387,['2023315979204223387'],,2026-02-16T08:38:15.000Z,0,2,5,0,1,1124,ahrefs
en,2023291265815638504,"Ahrefs is now a Claude Connector 🔥

Research keywords, analyze backlinks, track competitors, and monitor brand visibility across Google and AI platforms. All using Ahrefs data.

https://t.co/kQv8IHOgiL https://t.co/B90oMQjyoS",2023291265815638504,['2023291265815638504'],,2026-02-16T07:00:03.000Z,2,7,28,1,14,2482,ahrefs
en,2021630333460865494,"NEW in MCP, API, and exports

Page Types &amp; Categories for Backlinks and SERP reports are now available beyond the UI.

Use them in exports, API, and MCP to automate analysis and keep data consistent across tools. https://t.co/PjOttFKdRq",2021630333460865494,['2021630333460865494'],,2026-02-11T17:00:06.000Z,2,0,12,0,5,1543,ahrefs
en,2020905556483940793,"NEW in Keyword Explorer: Search Volume trend data in keyword exports 

Handle search volume data at scale.

Export your keyword list and easily manage historical and forecasted search volume data at scale. https://t.co/UEBtFoP8vv",2020905556483940793,['2020905556483940793'],,2026-02-09T17:00:05.000Z,3,3,23,0,9,39315,ahrefs
en,2019455995991248908,"NEW in Social Media Manager 📣

More flexibility, cleaner posts, and clearer performance insights.

– Publish a first comment automatically to keep captions clean
– Track how engagement evolves over time with timed charts on published posts
– Attach multiple images or videos per https://t.co/6YONSROqbp",2019455995991248908,['2019455995991248908'],,2026-02-05T17:00:03.000Z,2,4,32,0,10,39677,ahrefs
en,2018731276711149859,"NEW in Site Audit 🔍

Always-on Audits are now easier to control and faster to act on.

– Bulk edit alert settings across 170+ issues
– Set alert sensitivity per issue, based on site size and impact
– See issues, fixes, and changes as they happen with a new live activity feed, https://t.co/iOhT2fE3TW",2018731276711149859,['2018731276711149859'],,2026-02-03T17:00:17.000Z,1,4,25,0,9,40545,ahrefs
en,2016194503950942613,"NEW in Rank Tracker: Bulk edit target URLs 

Scale your keyword tracking with ease. Assign or delete target URLs for multiple keywords in one action. https://t.co/aq7SpGBD8J",2016194503950942613,['2016194503950942613'],,2026-01-27T17:00:03.000Z,2,2,24,0,7,68726,ahrefs
en,2015469727670263999,"NEW in Site Explorer 🔍

The Crawled pages chart now shows only real 200 OK pages, making content growth easier to track.

Plus: keyword languages are now available in Organic keywords, with smarter language filters to isolate non-English terms. https://t.co/hGsgSO23yc",2015469727670263999,['2015469727670263999'],,2026-01-25T17:00:03.000Z,6,4,19,0,2,1567,ahrefs
en,2014382563670757878,"NEW in Site Explorer 🔍 

Cleaner crawl data, sharper keyword filters. 

The Crawled pages chart now shows only 200 OK pages, making crawled vs organic comparisons clearer. 

Plus, new language filters in Organic Keywords help you spot non-English keywords fast. https://t.co/koPh3fI2QC",2014382563670757878,['2014382563670757878'],,2026-01-22T17:00:03.000Z,5,4,41,0,10,66038,ahrefs
en,2013657789445345296,"NEW in Brand Radar API: AI Share of Voice endpoints 

Dig into your AI SOV distribution and history data to analyze trends. https://t.co/ADkkKxDpS6",2013657789445345296,['2013657789445345296'],,2026-01-20T17:00:03.000Z,2,3,7,1,1,2392,ahrefs
en,2012933014792073433,"NEW in Site Explorer and Competitive Analysis: Page types &amp; categories in backlink reports 

Analyze links like never before:

• Filter backlinks by page type and see if you're getting citations from articles, how-tos, or listicles.
• Use Refdomains report to check new links' https://t.co/2p5kjUPHJW",2012933014792073433,['2012933014792073433'],,2026-01-18T17:00:03.000Z,3,3,37,0,16,39684,ahrefs
en,2011408142853079189,"Find keywords people actually search for in Google.

Generate thousands of ideas, cluster them instantly, and use reliable metrics to pick the best ones.

https://t.co/jkYJGUKKcC https://t.co/VJPBhmemb2",2011408142853079189,['2011408142853079189'],,2026-01-14T12:00:46.000Z,1,2,9,1,4,2580,ahrefs
en,2011121074168074523,"NEW in Web Analytics: Filter enhancements 

Analyze data with precision using new metric filters, Page Domain filter, and two additional text matching modes.

Enjoy sharper insights, improved accuracy, and easier navigation. https://t.co/xoreLvcROW",2011121074168074523,['2011121074168074523'],,2026-01-13T17:00:03.000Z,0,3,21,1,6,36879,ahrefs
en,2010396298143232490,"NEW in Social Media Manager: Custom Thumbnails for LinkedIn videos 

First impressions matter – control your video's appearance before anyone hits play. https://t.co/jdnJ3rtz0c",2010396298143232490,['2010396298143232490'],,2026-01-11T17:00:03.000Z,1,2,26,0,6,43785,ahrefs
en,2009596182503305245,"Looking for a free Google Analytics alternative?

Ahrefs Web Analytics gives you clean, privacy-first insights into how people actually find and use your site.

https://t.co/Noi2IjxsxR https://t.co/qTedepEfUP",2009596182503305245,['2009596182503305245'],,2026-01-09T12:00:41.000Z,2,6,15,0,2,1649,ahrefs
en,2008946746345337038,"NEW in SERP Overview: Page Type Column 

Understand what Google rewards for a given SERP at a glance with AI-powered classifications that show the content types ranking for your SERPs. https://t.co/2kFjnXpwS3",2008946746345337038,['2008946746345337038'],,2026-01-07T17:00:03.000Z,3,2,20,0,9,31000,ahrefs
en,2008221977081716815,"NEW in Web Analytics: Import Google Analytics data 

Link your Google Account, and we'll automatically include your historical Google Analytics data in your reports. https://t.co/a8hhK1YVKP",2008221977081716815,['2008221977081716815'],,2026-01-05T17:00:04.000Z,8,6,38,0,17,33806,ahrefs
en,2006772417268437294,"Social Media Manager just got better.

Track performance with engagement metrics on every post and access your historical posts for a complete channel overview. https://t.co/TwEdHZ4H8c",2006772417268437294,['2006772417268437294'],,2026-01-01T17:00:02.000Z,0,1,9,0,2,1709,ahrefs
es,2006757319393112188,"AI Overviews VS AI Mode ¿Son simplemente diferentes versiones de la misma respuesta?👀

Analizamos +730,000 respuestas y aquí algunos resultados:
📍 Solo el 13,7 % de las citas coinciden entre las AI Overviews y el AI Mode
📍 Empiezan con la misma primera frase solo el 2,51 % de https://t.co/6ptaNc7QrX",2006757319393112188,['2006757319393112188'],,2026-01-01T16:00:03.000Z,0,3,4,0,0,1184,ahrefs
en,2005840296358092996,"Login reminder

We’re seeing fake Google ads impersonating Ahrefs that lead to lookalike sites and request login details.

Before signing in or entering details, always check the URL.

✅ Official Ahrefs login: https://t.co/pV3ANb3ExK
❌ We do not use Squarespace domains or https://t.co/Nsk2MR9Egc",2005840296358092996,['2005840296358092996'],,2025-12-30T03:16:08.000Z,0,3,15,0,4,1791,ahrefs
en,2005322953345445922,"NEW in Brand Radar: Custom queries

Track brand mentions for the exact questions that matter to your business across ChatGPT, Gemini, Perplexity, and Copilot. See how AI responds to your prompts, not generic coverage.

Watch a quick talk-through 👇 https://t.co/DcxaNa5cL0",2005322953345445922,['2005322953345445922'],,2025-12-28T17:00:23.000Z,2,1,19,0,8,3705,ahrefs
en,2002786152214896889,"See your organic traffic by intent in Site Explorer Overview 

Now, apart from positions and keywords, the intent history graph shows you traffic – our new default metric. https://t.co/UYEiuEV3J3",2002786152214896889,['2002786152214896889'],,2025-12-21T17:00:03.000Z,5,6,28,0,4,2416,ahrefs
en,2002061377792340393,"NEW in Report Builder: More Brand Radar widgets 

Track citations, impressions, and AI share of voice, not just mentions.

Set up once, duplicate fast – platform and metric configurations now live right inside widget settings. https://t.co/9s2MPAutNz",2002061377792340393,['2002061377792340393'],,2025-12-19T17:00:03.000Z,0,1,6,0,2,1514,ahrefs
en,2001336601696174167,"NEW: TikTok index in Brand Radar 

Search brand mentions across popular TikTok videos and add TikTok to your brand visibility tracking.

Available to all paid users while in Beta. https://t.co/7AMWKFQtV6",2001336601696174167,['2001336601696174167'],,2025-12-17T17:00:03.000Z,1,3,7,0,1,1324,ahrefs
en,2000611826120188180,"NEW API upgrades 🚀

Welcome more Brand Radar API endpoints: get mentions distribution across AI clients, plus new mentions + impressions history endpoints with full time-series data. All the same filters as the UI, now in the API.

We also upgraded the Site Audit Projects API https://t.co/RpHivta6Rv",2000611826120188180,['2000611826120188180'],,2025-12-15T17:00:03.000Z,0,2,5,0,3,1354,ahrefs
en,2000249438279713107,"NEW in Brand Radar: Reddit in SERP index 

See your brand's visibility across Reddit results ranking in Google.

Beta now open to all paid subscribers – future inclusion in our upcoming SERP Visibility package. https://t.co/vP3M5qjgwM",2000249438279713107,['2000249438279713107'],,2025-12-14T17:00:03.000Z,10,5,52,0,15,44705,ahrefs
en,1999162289010737559,"NEW in Brand Radar: Prompt Details Panel 

Get the full story without the clutter – expand long responses in a clean side panel.

Plus, easily spot mentions and favicons in separate columns. https://t.co/0UkivOpr5Q",1999162289010737559,['1999162289010737559'],,2025-12-11T17:00:06.000Z,2,2,18,0,9,40205,ahrefs
en,1998437498674946467,"NEW in Brand Radar: Your Brand Filter 

Quickly include or exclude your brand from AI visibility reports.

No more manual set-up. The new shortcut makes it easier to focus on your mentions and citations. https://t.co/0qaZAdMCfY",1998437498674946467,['1998437498674946467'],,2025-12-09T17:00:03.000Z,5,2,18,0,10,47185,ahrefs
en,1998229035592138866,"NEW in Keywords Explorer: Exclude sensitive categories 

Get cleaner, more relevant keyword ideas by excluding categories like ADULT, VIOLENCE, DRUGS, and more. https://t.co/EQ3PQBgWpb",1998229035592138866,['1998229035592138866'],,2025-12-09T03:11:42.000Z,8,3,16,0,4,1809,ahrefs
en,1995900840800858213,"NEW in Keywords Explorer: Language Filter 

Unearth international keyword ideas in multi-language locations.

Tailor your strategy for specific language niches and go global with your SEO. https://t.co/9PXbI0Ga2I",1995900840800858213,['1995900840800858213'],,2025-12-02T17:00:17.000Z,3,3,30,0,9,39078,ahrefs
en,1995176060497883360,"NEW in GSC Keywords: Historical Performance Graph 

Track the past impact of your top 5 keywords, or custom ones.

View side-by-side comparisons of current and previous periods. https://t.co/sdzgRlXWzf",1995176060497883360,['1995176060497883360'],,2025-11-30T17:00:16.000Z,8,6,52,1,12,54552,ahrefs
en,1994088894296379429,"NEW in Web Analytics: Custom event properties 

Add extra details to tracked events and break them down by variants, plans, or other dimensions.

Widget them, filter them, segment your reports – your analytics, your way.

Learn more: https://t.co/qtoDCmmw6L https://t.co/vp8UqrDr96",1994088894296379429,['1994088894296379429'],,2025-11-27T17:00:15.000Z,1,2,9,0,2,1689,ahrefs
en,1993656612037533901,"Ready to rank in both Google and AI answers?

Use Ahrefs AI Content Helper: your SEO + AI writer in one tool.

https://t.co/X80wfk3mwp https://t.co/MJCFtvw3sn",1993656612037533901,"['1993656525530038538', '1993656612037533901']",,2025-11-26T12:22:31.000Z,1,3,13,0,3,1658,ahrefs
en,1993364109601984537,"NEW: Simplify your Ahrefs login with Passkeys 

Secure, one-click access synced across all your devices.

No passwords to remember or type – just click and you're in. https://t.co/6t7G5UL2Tl",1993364109601984537,['1993364109601984537'],,2025-11-25T17:00:13.000Z,1,3,32,0,5,63255,ahrefs
en,1992847344576930040,"A different kind of visibility this season.

Ahrefs is a silver sponsor at Charitrees 2025, directing our support to the Kidney Dialysis Foundation.

Nice to brighten someone’s holiday without needing a dashboard. https://t.co/Y8Pdn9zEb0",1992847344576930040,['1992847344576930040'],,2025-11-24T06:46:46.000Z,2,2,23,0,1,2258,ahrefs
en,1992639354792030324,"NEW in Social Media Manager: Streamline your social media scheduling process 

See upcoming posts in one glance with the new ""Scheduled"" view, or switch to a compact view to easily scan your drafts.

Filter posts by author for team clarity, count characters accurately for Twitter https://t.co/Ot9M3LrXza",1992639354792030324,['1992639354792030324'],,2025-11-23T17:00:18.000Z,3,3,20,0,6,2316,ahrefs
en,1991914579123732521,"NEW in Brand Radar: YouTube visibility

Search brand mentions across YouTube titles, descriptions, and transcripts, with clean snippet previews. 

Plus: project-based reports, a historical chart in Web Pages, and an Impressions API endpoint.

Watch a quick talk through 👇 https://t.co/KjqEfGJcQJ",1991914579123732521,['1991914579123732521'],,2025-11-21T17:00:18.000Z,9,4,75,0,22,79556,ahrefs
en,1991189741308449239,"NEW in AI Content Helper: Export to Google Docs 

Preserve all your formatting in AI Content Helper and export directly to Google Docs. 

For now, it's one doc at a time, but stay tuned for possible bulk export support. https://t.co/gSUvRjwO5e",1991189741308449239,['1991189741308449239'],,2025-11-19T17:00:03.000Z,2,0,6,0,0,1379,ahrefs
en,1991042228144288121,"Top 100 visibility is back in Rank Tracker.

We now request the top 100 results for all keywords. Most queries already return full data, though a small percentage still fall back and won’t show the full top 100 yet.

You’ll see the updated rankings at your next scheduled refresh,",1991042228144288121,['1991042228144288121'],,2025-11-19T07:13:53.000Z,4,3,20,0,2,2325,ahrefs
en,1990464967691153805,"NEW in Site Audit: bulk AI-content detection 🔥

Scan every crawled page for AI-generated content and break it down fast:

– See site-wide AI-content distribution in the overview
– Filter and sort pages by AI level in Page Explorer
– Track changes over time
– Check competitors’ https://t.co/ZcubHIwAF7",1990464967691153805,['1990464967691153805'],,2025-11-17T17:00:04.000Z,2,8,27,0,11,3429,ahrefs
en,1989015415494775218,"NEW in Report Builder: filters, folders, and duplication 🔥

More ways to organize and refine your reports:

 – Filter Site Explorer keyword widgets by intent, position, SERP features, or URL
 – Add reports to folders
 – Duplicate widgets in one click https://t.co/ufxKGAXogO",1989015415494775218,['1989015415494775218'],,2025-11-13T17:00:03.000Z,2,4,15,0,5,38691,ahrefs
en,1988290637536407647,"NEW: Track API usage in Account settings 🔥

See every request made within your workspace by scope, token, or user, and visualize unit consumption over time.

Data is available from mid-October onward. https://t.co/0NnqE8JAgw",1988290637536407647,['1988290637536407647'],,2025-11-11T17:00:03.000Z,2,2,17,0,5,47587,ahrefs
en,1987565864829276475,"NEW in GSC reports 🔥 

See your site structure in a clear, tree-like view – just like in Site Explorer. 

Spot how each section contributes to your site’s overall performance and dig into the details. 

Available in full on Standard plans and above. Starter and Lite get a https://t.co/cE9YgMIP11",1987565864829276475,['1987565864829276475'],,2025-11-09T17:00:04.000Z,4,2,52,1,23,38618,ahrefs
en,1986841087118303451,"NEW in Paid pages reports: Ads 🔥

Head over to Site Explorer to see how many ads each page appears in, view them right in the report, and filter by ad count to analyze top performers. https://t.co/VAUwfFhApk",1986841087118303451,['1986841087118303451'],,2025-11-07T17:00:03.000Z,3,3,27,0,10,52007,ahrefs
en,1986723005091786894,"🎉 130,000+ installs.
Track website traffic without cookies, clutter, or complexity. Try Ahrefs Web Analytics for free: https://t.co/Noi2IjxsxR https://t.co/BCsFrVrSZ0",1986723005091786894,['1986723005091786894'],,2025-11-07T09:10:50.000Z,0,5,8,0,3,1754,ahrefs
en,1983579595149386240,"NEW: Brand performance chart in Brand Radar 🔥

See how your brand’s visibility shifts across search and AI, all in one chart.

Compare Mentions, Citations, Impressions, and AI Share of Voice (Web Mentions and Search Traffic coming soon). https://t.co/9hZHeqWZDQ",1983579595149386240,['1983579595149386240'],,2025-10-29T17:00:03.000Z,7,8,52,0,15,42396,ahrefs
en,1981405333206475145,"Patch way more fields in Site Audit. 

Redirect broken pages, fix canonicals in bulk, toggle noindex, even publish internal links – all right from Site Audit. No CMS, no code.

Super quick talk-through 👇 https://t.co/DKHse0FTKg",1981405333206475145,['1981405333206475145'],,2025-10-23T17:00:18.000Z,3,3,12,0,3,15347,ahrefs
en,1979955718972215785,"NEW in Ahrefs API 🔥

 – Rank Tracker competitor metrics now available. Pull SoV, traffic, and position stats for you and your competitors.
 – Site Audit gets a Page Explorer endpoint. Access crawl data programmatically and link it with issue IDs for deeper analysis.
 – Spam https://t.co/DLHH3aC3mP",1979955718972215785,['1979955718972215785'],,2025-10-19T17:00:03.000Z,3,4,17,0,11,4128,ahrefs
en,1978868639735419379,"NEW in Brand Radar 

– September data now live across all chatbots
– URLs in Entities – track mentions and citations under one entity
– New Citations chart on Overview

...plus more improvements inside.

Watch the talk-through 👇 https://t.co/RvcfsgvKzY",1978868639735419379,['1978868639735419379'],,2025-10-16T17:00:23.000Z,3,3,18,0,2,2257,ahrefs
en,1978143778092233111,"NEW in Top Pages 🔥

Use filter presets and see URL Rating (UR) right inside Site Explorer’s Top Pages report.

Presets are shared with Organic Keywords, so you can reuse your favorite setups across both reports.

UR is fully sortable, filterable, and available via API. https://t.co/MQKep8mdu0",1978143778092233111,['1978143778092233111'],,2025-10-14T17:00:03.000Z,4,5,24,0,7,3995,ahrefs
en,1977545922898022532,More ways to use Brand Radar: https://t.co/3BxJYrVEMx,1977544847360667649,['1977545922898022532'],256999501,2025-10-13T01:24:23.000Z,1,0,2,0,1,3510,ahrefs
en,1977544847360667649,"See Brand Radar 2.0 in action.

 – Largest AI visibility database (150M+ prompts, 6 AI indexes, no setup)
 – Full view across AI, search, and web mentions
 – Real-time tracking by product, topic, region, category

Uncover gaps in AI answers and citations, and keep your brand in https://t.co/kbvbVqbPDo",1977544847360667649,['1977544847360667649'],,2025-10-13T01:20:07.000Z,8,21,69,2,60,459857,ahrefs
en,1976331843654889724,"NEW in Organic Keywords: Entities 🔥

See which keywords each entity ranks for, right inside the Organic Keywords report.

Filter by entity, grab data via API, or click in straight from the Top entities widget in Overview. https://t.co/HXyDitLwhu",1976331843654889724,['1976331843654889724'],,2025-10-09T17:00:04.000Z,5,6,54,1,16,35758,ahrefs
en,1975607061833461767,"NEW in Site Explorer’s Overview: Branded traffic graphs 📊

Branded traffic is now split into Your brand vs. Other brands.

Track your target’s brand performance over time, compare it against competitors, and break it down by location or year-over-year.

Entities are https://t.co/G2fyB19445",1975607061833461767,['1975607061833461767'],,2025-10-07T17:00:03.000Z,4,5,46,0,9,45381,ahrefs
en,1974882285703856361,"NEW in GSC Keywords 🔍

See Site Explorer’s SERP overviews right inside your GSC reports.

Spot how you and competitors rank, no tab switching needed. https://t.co/ER3xWyyPWW",1974882285703856361,['1974882285703856361'],,2025-10-05T17:00:03.000Z,6,5,52,0,15,38696,ahrefs
en,1973795158484308139,"NEW in Social Media Manager  🚀

Publish to multiple channels at once.

Draft once, preview per channel, then schedule or post everywhere in one go. https://t.co/Jk6pJHk1tO",1973795158484308139,['1973795158484308139'],,2025-10-02T17:00:11.000Z,1,5,22,1,7,372187,ahrefs
en,1973070384028094864,"NEW: Plug Ahrefs straight into your AI 

Connect ChatGPT, Claude, or Copilot, and they'll pull fresh Ahrefs data and analyze it for you – powered by our new remote MCP server.

Docs + setup guides: https://t.co/Z87A7Fjyjy

Watch a quick demo 👇 https://t.co/9iA0FxedH2",1973070384028094864,['1973070384028094864'],,2025-09-30T17:00:12.000Z,5,5,69,0,47,4304,ahrefs
en,1972345568979480646,"NEW in Keywords Explorer: Historical trend in Traffic share 🔥

See how your market shifted over time. 

Traffic share reports now plot historical trends – click back in time, select pages, and track traffic distribution changes. https://t.co/7DeizRaowi",1972345568979480646,['1972345568979480646'],,2025-09-28T17:00:02.000Z,9,9,79,0,16,83866,ahrefs
en,1971258496294293861,"NEW in Brand Radar 🔥

– Group brand variations into one footprint
– Find content opportunities with Topics
– Export to Google Sheets in one click

Watch a quick talk-through 👇 https://t.co/PK1GOuO1nI",1971258496294293861,['1971258496294293861'],,2025-09-25T17:00:24.000Z,0,2,11,0,2,1693,ahrefs
en,1970533633027903824,"NEW in Report Builder: Brand Radar widgets 🔥

Mentions charts for all platforms are now in Report Builder. Great to sneak in an AI visibility chart when sending clients their monthly SEO reports. https://t.co/eVllkwZqjO",1970533633027903824,['1970533633027903824'],,2025-09-23T17:00:03.000Z,0,6,12,0,1,2410,ahrefs
en,1969808856248201674,"NEW in Web Analytics: Possible 404 report 🔥

Catch “ghost” pages before they waste traffic.

Spot visits going to pages with “404” or “not found” in the title – often caused by AI chatbots hallucinating incorrect URLs. https://t.co/8Q0CHiyn8d",1969808856248201674,['1969808856248201674'],,2025-09-21T17:00:03.000Z,6,1,9,0,4,3109,ahrefs
in,1968842310742909140,API docs: https://t.co/ALcZs6HGE0,1968721781268574219,['1968842310742909140'],256999501,2025-09-19T00:59:20.000Z,0,0,2,0,0,1914,ahrefs
en,1968832257109508208,"Google just capped SERPs at 10 results.

That means no more 100-result pages. This change affects every SEO rank tracker, including Ahrefs.

Here’s what you need to know:

•  Right now: Rankings beyond the top 10 will show inconsistencies. We’re still receiving updates for many",1968832257109508208,['1968832257109508208'],,2025-09-19T00:19:23.000Z,81,58,478,43,213,108482,ahrefs
en,1968721781268574219,"NEW in Brand Radar

– API: AI responses endpoint now live
– Save your reports for quick re-use
– Cited domains &amp; pages: add URLs to charts + see responses in nested tables

Watch a quick demo 👇 https://t.co/XZu2M26uvO",1968721781268574219,['1968721781268574219'],,2025-09-18T17:00:24.000Z,1,5,18,0,16,272454,ahrefs
en,1967996915661864980,"NEW in Keywords Explorer: Exclude keywords already in your lists or projects 🔥

Find new opportunities without wading through repeats.

You can now filter out keywords you’ve already added, so your keyword ideas reports stay fresh and focused. https://t.co/BtdqnhN0wU",1967996915661864980,['1967996915661864980'],,2025-09-16T17:00:02.000Z,6,5,64,0,18,79066,ahrefs
en,1967272138592628981,"NEW in Site Explorer: Status code filter in Outgoing links 🔥

Spot and fix broken outgoing links before they hurt your site.

Find broken outgoing links directly in the Outgoing links report – no need for the old Broken links report (which will be removed Sept 10). https://t.co/kKA8IhwA0m",1967272138592628981,['1967272138592628981'],,2025-09-14T17:00:02.000Z,3,5,9,0,2,2688,ahrefs
en,1966184973989302444,"NEW: Find growth opportunities with the Competitors map in Keywords Explorer 🔥

• See who wins your keywords by traffic and value
• More data columns for faster insights

Trends + comparison mode coming soon. https://t.co/eoQwE7Gv6k",1966184973989302444,['1966184973989302444'],,2025-09-11T17:00:02.000Z,0,1,7,0,1,2084,ahrefs
en,1965460262066041133,"New: Sharper insights in Brand Radar

– Pinpoint AI citations with domain + URL filters
– Take your charts with you – export as CSV

Watch the quick demo 👇 https://t.co/uGWt12JQ19",1965460262066041133,['1965460262066041133'],,2025-09-09T17:00:17.000Z,0,2,13,0,10,278868,ahrefs
en,1964735476876681696,"NEW: Ahrefs Connect

Bring Ahrefs data – competitive insights, site audits, backlinks, and keywords – straight into the tools you already use.

Legacy API v2 shuts down Nov 1.

Watch the walkthrough 👇 https://t.co/tBXvsgvTXo",1964735476876681696,['1964735476876681696'],,2025-09-07T17:00:15.000Z,3,1,12,0,5,2478,ahrefs
en,1963542599651697066,"New homepage. New video.

One goal: Make your business discoverable – in search, AI, and beyond.

👉 https://t.co/rcwS4JsAEO https://t.co/zuklUDN2Ar",1963542599651697066,['1963542599651697066'],,2025-09-04T10:00:11.000Z,5,4,23,0,2,2867,ahrefs
en,1963180169134268755,"Learn how to diagnose, protect, and recover from almost ANY traffic drop 🕵️‍♂️

Watch now ▶ https://t.co/I7VzVHLq1l",1963180169134268755,['1963180169134268755'],,2025-09-03T10:00:01.000Z,0,3,6,0,2,2651,ahrefs
en,1962817924592287964,"Tired of Google Analytics?

Get essential website metrics, technical audits, and SEO insights in one clean dashboard. Free for verified websites.

👉 https://t.co/WESA9JI2Uz https://t.co/ZUKsubQWLg",1962817924592287964,['1962817924592287964'],,2025-09-02T10:00:35.000Z,1,3,6,0,4,1707,ahrefs
en,1962198708574896300,"NEW: Notes in Rank Tracker &amp; GSC 🗒️

User notes in Rank Tracker and GSC notes are now synced and across shared projects in your workspace.

– Editors can edit any note
– Guests can view only
– Notes are never private (old and new included) https://t.co/WCNU5sYhwq",1962198708574896300,['1962198708574896300'],,2025-08-31T17:00:02.000Z,6,4,27,0,6,19235,ahrefs
en,1961111547268288615,"NEW in Brand Radar 🔥

– Track multiple brands in one view with combined Share of Voice
– August data update: ChatGPT + Perplexity now with 4 months’ history, Gemini + Copilot with 2 https://t.co/7vzw4WX9fk",1961111547268288615,['1961111547268288615'],,2025-08-28T17:00:03.000Z,13,7,85,1,25,86402,ahrefs
en,1960386772208066810,"NEW in Brand Radar: Google AI Mode 

Track your brand in Google’s new AI chat experience in Search, live now with ~3.5M US queries and expanding. Google AI Mode was launched in May in the US, with UK and India coming next. 

Included with AI Overviews for $199/mo and in the “All https://t.co/bK04Zv2AUq",1960386772208066810,['1960386772208066810'],,2025-08-26T17:00:03.000Z,18,8,109,2,47,103263,ahrefs
en,1959662105126195581,"DON’T MISS: Brand Radar 2.0 

– Largest AI visibility database (100M+ prompts, 5 indexes)
– 360° view across AI, search, and web mentions
– Real-time visibility by products, topics, regions, categories

Uncover gaps in AI answers + citations to keep your brand in the https://t.co/Te63D7G9SH",1959662105126195581,['1959662105126195581'],,2025-08-24T17:00:29.000Z,9,9,102,0,100,802524,ahrefs
en,1958574832716525675,"NEW in GSC Overview &amp; Keywords: URL filter 🔍

Now you can filter by URL in both reports. Pair it with presets to save page segments and jump back into their data fast. Especially handy for large sites!

Note: GSC calculates impressions differently when the filter’s on, so https://t.co/ogx1ay2WYX",1958574832716525675,['1958574832716525675'],,2025-08-21T17:00:03.000Z,2,2,24,0,8,26634,ahrefs
en,1957850101742784897,"YouTube backlinks, now in your Site Explorer reports 🔥

We’ve upgraded our crawler so you can:

✅ See backlinks from YouTube videos in Backlinks &gt; Referring domains
✅ Track mentions + link building efforts across YouTube

Watch a quick talk-through 👇 https://t.co/g76bxWsteg",1957850101742784897,['1957850101742784897'],,2025-08-19T17:00:14.000Z,3,1,23,0,9,2014,ahrefs
en,1957722504094495232,"NEW in Web Analytics: Filter presets 🎯

Save your go-to filter setups as presets – stored per user and per project, or make them available across all projects.

Spend less time setting up filters, more time finding insights. https://t.co/t1nYJAuPbE",1957722504094495232,['1957722504094495232'],,2025-08-19T08:33:12.000Z,2,7,31,1,9,66266,ahrefs
en,1955825136004714754,"NEW: Plan &amp; schedule social media posts right inside Ahrefs 

- Schedule posts across LinkedIn, X, Instagram, and Facebook
- Manage everything from one place – no more tab-hopping

 Social Media Management is free while in beta. 

Watch a quick talk-through 👇 https://t.co/oi4WNKeGp5",1955825136004714754,['1955825136004714754'],,2025-08-14T02:53:44.000Z,12,10,62,2,57,1078597,ahrefs
en,1954950951464316937,"NEW: Copilot added to AI citations in Site Explorer 🔥

See where your brand appears in Microsoft Copilot – now tracked in the AI citations widget in Site Explorer's Overview. Powered by Brand Radar. https://t.co/2fiHPpmcdR",1954950951464316937,['1954950951464316937'],,2025-08-11T17:00:02.000Z,8,6,67,0,34,56673,ahrefs
en,1954226174558670977,"NEW: Visibility trend in GSC Performance charts 📈

Track SERP shifts with a clean overlay in your GSC charts. Full data available in the export.

- Based on historical Average volume
- Makes it easier to link traffic drops to SERP changes
- Export full values for deeper analysis https://t.co/aLdcFUDgva",1954226174558670977,['1954226174558670977'],,2025-08-09T17:00:02.000Z,3,4,17,0,4,3075,ahrefs
en,1953501492230729959,"Track your brand across every major AI assistant 🔥

Huge Brand Radar updates just dropped:

✅ New indexes for Copilot and Gemini
✅ 10x more data for ChatGPT + Perplexity
✅ Full visibility across 5 AI discovery platforms

Watch a quick talk-through👇 https://t.co/1yZFVx51Iy",1953501492230729959,['1953501492230729959'],,2025-08-07T17:00:24.000Z,0,2,10,0,0,1298,ahrefs
en,1952776639584280911,"NEW: AIO brand mentions in Report Builder 📈

Track how often your brand shows up in Google AI Overviews – just add this Brand Radar widget in your custom reports. https://t.co/ZrMeKFKNwQ",1952776639584280911,['1952776639584280911'],,2025-08-05T17:00:06.000Z,2,6,32,1,11,9402,ahrefs
en,1952051917162688921,"New in AI Content Helper:

Raise your chances of getting featured by AI assistants 🔥

✅ Highlight subtopics AI cares about
✅ Spot gaps and sharpen your coverage

Watch a quick demo 👇 https://t.co/k9zwlhMOeN",1952051917162688921,['1952051917162688921'],,2025-08-03T17:00:19.000Z,3,6,28,0,9,2219,ahrefs
en,1951327081633366194,"NEW: Top entities in Site Explorer Overview 📈

See the brands, people, and topics Google shows with your top keywords – and how it frames your site’s relevance.

👉 Pulled from SERPs
👉 Filter by category
👉 Compare entities over time https://t.co/aU8SiQPOtD",1951327081633366194,['1951327081633366194'],,2025-08-01T17:00:04.000Z,0,4,13,1,2,1527,ahrefs
en,1950602368791486883,"Spot AI-written content at scale in Site Explorer 🔥

Quickly assess how a site uses AI – and what’s working.

✅ New AI Content Level column in Top Pages
✅ Scan % scores across landing pages, blogs, and more
✅ Jump into full AI Detector reports in one click

See it in action https://t.co/vDtL4MQpUI",1950602368791486883,['1950602368791486883'],,2025-07-30T17:00:19.000Z,4,6,22,1,3,2036,ahrefs
en,1949877551020855373,"NEW: Custom alerts for Always-on audits 🔔

Tailor alerts to match your priorities.

✅ Get notified only about issues you care about – like indexability errors
✅ Create custom issues (e.g. “Out of stock” labels) and turn on alerts for them https://t.co/hyt9VSkK13",1949877551020855373,['1949877551020855373'],,2025-07-28T17:00:09.000Z,0,1,9,0,0,1652,ahrefs
in,1949515210328555618,API docs: https://t.co/KJrKUgLDOr,1949515198035009762,['1949515210328555618'],256999501,2025-07-27T17:00:21.000Z,0,0,0,0,0,1282,ahrefs
en,1949515198035009762,"NEW: Full automation in Rank Tracker API 🔥

Enterprise users: you can now manage projects, keywords, and competitors – end to end.

✅ Create + edit projects, keywords, locations, and tags
✅ Add or remove competitors
✅ Automate keyword lists in Keywords Explorer

Watch a quick https://t.co/6jD0y4Z42V",1949515198035009762,['1949515198035009762'],,2025-07-27T17:00:18.000Z,0,2,3,0,0,1552,ahrefs
en,1948428043036635527,"Protect your rankings in Rank Tracker 🔥

Two new ways to stay ahead:

✅ Set Target URLs and get alerted if they’re outranked
✅ Use AND logic to combine SERP features (e.g. AI Overviews + Snippets)

Watch a quick demo 👇 https://t.co/sLvGpvhbmV",1948428043036635527,['1948428043036635527'],,2025-07-24T17:00:20.000Z,2,3,12,0,1,1469,ahrefs
en,1947703307528708488,"See where your content shows up – even offsite 🔥

Two new updates in Web Analytics:

✅ See cloned pages on external domains (iframes, Google Translate, etc.)
✅ Export any report in one click

Watch a quick demo 👇 https://t.co/FiEMkZk2rz",1947703307528708488,['1947703307528708488'],,2025-07-22T17:00:29.000Z,4,1,26,0,6,62151,ahrefs
en,1946978483244249189,"NEW in GSC reports 🔥

Save your filter setups as presets and reuse them across reports.

Also: GSC-linked projects are now pinned to the top of the menu.

Watch a quick talk-through 👇 https://t.co/qdTBIXhQUc",1946978483244249189,['1946978483244249189'],,2025-07-20T17:00:18.000Z,3,2,26,0,9,64682,ahrefs
en,1946253669617574192,"NEW: Add article examples to Brand Kits ✍️

Attach sample articles when creating a Brand Kit in AI Content Helper to generate more precise writing rules.

Great for keeping tone and structure consistent across AI-generated drafts. https://t.co/k7O76vdXKF",1946253669617574192,['1946253669617574192'],,2025-07-18T17:00:09.000Z,3,3,12,0,2,17703,ahrefs
en,1945528932310421516,"NEW: Tag filtering in Report Builder 🎯

All Rank Tracker widgets in Report Builder now support tag filters, making your reports sharper and more focused.

✅ Filter by tag
✅ Filter keywords by position, SERP features, and URL https://t.co/rLadOk09Fx",1945528932310421516,['1945528932310421516'],,2025-07-16T17:00:18.000Z,1,1,8,0,4,21814,ahrefs
en,1944804121686761788,"NEW: Filter presets in GSC Keywords 🙌

Save your top filters for quick access – no more repeating the same setup.

Presets are stored per user. Find them in the top filter bar. https://t.co/LWehgycs1o",1944804121686761788,['1944804121686761788'],,2025-07-14T17:00:09.000Z,0,1,12,0,3,19065,ahrefs
en,1944441856751993321,"NEW in Web Analytics 🔥

✅ Track custom events (like signups &amp; clicks)
✅ Build funnels to spot drop-offs
✅ Zoom into timelines

Watch the demo 👇 https://t.co/bZOUkF0rs7",1944441856751993321,['1944441856751993321'],,2025-07-13T17:00:39.000Z,5,4,32,1,17,104662,ahrefs
en,1943354555108069540,"NEW: Instant Recrawl in Site Audit 🔥

Recrawl any page currently in an Always-on Audit with one click!

Perfect for checking fixes or testing changes fast. https://t.co/JGxLfujPOY",1943354555108069540,['1943354555108069540'],,2025-07-10T17:00:06.000Z,2,2,15,0,0,26752,ahrefs
en,1942992242307928241,"NEW: AI Citations in Site Explorer's Overview 🔍

Search is evolving – rankings aren’t the only metric that matters anymore.

Now you can see where AI tools are linking to your site, not just mentioning it. Think: Google AI Overviews, ChatGPT, &amp; Perplexity.

Powered by Brand https://t.co/079hSH41bz",1942992242307928241,['1942992242307928241'],,2025-07-09T17:00:24.000Z,9,4,62,1,42,98906,ahrefs
en,1942630303878767037,"NEW: Google Profile Monitor (beta) 🔥

Stay in control of your business info and protect your local visibility.

Track changes to your Google Business Profiles across Search + Maps — and accept or reject edits in one click.

📍 Find it under All tools &gt; Local SEO. https://t.co/vQ9kIV9NKk",1942630303878767037,['1942630303878767037'],,2025-07-08T17:02:11.000Z,7,3,53,2,19,22194,ahrefs
en,1940817895585731060,"NEW: More widgets in Report Builder

Build even sharper, more actionable reports with these new additions:

✅ GSC keyword widgets
✅ Share of Voice &amp; Share of Traffic Value widgets – from both Site Explorer and Rank Tracker, complete with history charts

Watch a quick https://t.co/7tWg6jZlQi",1940817895585731060,['1940817895585731060'],,2025-07-03T17:00:19.000Z,1,1,15,0,2,55894,ahrefs
en,1940738243882008829,"Want to join the ranks of Ahrefs Pros?

Take the 1-hour exam and unlock:

✅ Better roles
✅ Bigger clients
✅ Long-term marketing success

Get Ahrefs Certified: https://t.co/3LCUQtyH8b https://t.co/vHruAr228F",1940738243882008829,['1940738243882008829'],,2025-07-03T11:43:49.000Z,2,0,25,0,6,39989,ahrefs
en,1939730726582386719,"NEW: Brand Kits in AI Content Helper 🔥

Stay on-brand, every time.

Drop in your brand’s URL and we’ll generate a voice, tone, and style profile you can apply to any AI content – automatically.

Watch a quick talk-through 👇 https://t.co/oVwzwpGcBB",1939730726582386719,['1939730726582386719'],,2025-06-30T17:00:18.000Z,3,3,31,0,19,46019,ahrefs
en,1938407054617858091,"NEW: AI detector in Page Inspect

Spot AI-written content on any page.

 ✅ See how much was likely AI-generated
 ✅ Highlight the AI-written parts
 ✅ Get a good guess as to which LLM was used

 Watch a quick demo 👇 https://t.co/r0JU1cQcs9",1938407054617858091,['1938407054617858091'],,2025-06-27T01:20:30.000Z,10,4,37,1,22,38831,ahrefs
en,1938231276282028468,"Here's how to track your ""AI visibility"" across ChatGPT, Perplexity and Google’s AI Overviews:

[Watch the 3-min video]

Ahrefs' Brand Radar runs on a massive database of prompts:

🔸 957k ChatGPT prompts
🔸 953.5k Perplexity prompts
🔸 76.7M AI Overviews

This gives you an https://t.co/UBBe1M2mB1",1938231276282028468,['1938231276282028468'],,2025-06-26T13:42:01.000Z,14,6,67,0,22,209130,ahrefs
en,1937873430864674978,"Is your website struggling to rank?

Hidden SEO issues might be killing your organic &amp; AI traffic.

👉 Learn how to find and fix them with our SEO audit tutorial: https://t.co/gFr1Gfisah",1937873430864674978,['1937873430864674978'],,2025-06-25T14:00:04.000Z,3,3,25,0,10,20682,ahrefs
en,1936831694956585431,"NEW: Track your brand in ChatGPT ✨
(and Perplexity too – Gemini coming soon!)

It’s part of our big Brand Radar update:

✅ LLM indexes
✅ Search demand insights
✅ Domains tab
✅ Author filters

Full update rundown 🎥👇 https://t.co/LTuElcT6T0",1936831694956585431,['1936831694956585431'],,2025-06-22T17:00:35.000Z,15,13,81,1,59,56482,ahrefs
en,1935382016951992797,"NEW: Position-based charts in Site Explorer 📈

Organic keywords and intent charts now default to a position-based view. It’s faster, better for large sites, and easier on our servers.

 👉 Each ranking position for a keyword is counted separately
 👉 Same keyword in different https://t.co/2dmT8IGaIh",1935382016951992797,['1935382016951992797'],,2025-06-18T17:00:05.000Z,6,4,26,0,4,10577,ahrefs
en,1934657326939820323,"NEW: Link spam filter in Site Explorer

Spammy backlinks got louder – so we built some features to block them out.

✅ Hide spam in Backlinks + Site Explorer Overview
✅ Spot them fast with a “Spam” badge
✅ Set Best links filter to auto-exclude them by default

Quick talkthrough https://t.co/kifyalviVU",1934657326939820323,['1934657326939820323'],,2025-06-16T17:00:25.000Z,9,5,44,0,9,53559,ahrefs
en,1933177574387253716,"Stop writing articles that nobody reads 🙅‍♀️

Here's how to use AI to create content that actually ranks and gets traffic — in half the writing time: https://t.co/ednY8Ma2vJ

#aicontent #contentmarketing",1933177574387253716,['1933177574387253716'],,2025-06-12T15:00:25.000Z,1,6,43,1,12,16446,ahrefs
en,1932482913653936332,"NEW: Trending keywords filter in Keywords Explorer 🔥

Spot rising keywords by trend type over 3, 6, or 12 months. At a glance:

👉 Linear = steady growth (AI tools)
👉 Exponential = viral spikes
👉 S-curve = seasonal (sports, shows)
👉 Damped = peaked trends

– general patterns https://t.co/RtdUbJQx7g",1932482913653936332,['1932482913653936332'],,2025-06-10T17:00:05.000Z,4,2,38,0,11,11881,ahrefs
en,1931395800653074458,"NEW: Patches settings in Page Explorer 🛠️

Managing patches just got way smoother.

We’ve added a Patches dropdown in Site Audit's Page Explorer – watch what’s new 👇 https://t.co/UXV6pW9cv8",1931395800653074458,['1931395800653074458'],,2025-06-07T17:00:17.000Z,0,2,7,0,0,7235,ahrefs
en,1930917625674231817,"We dropped big updates in May 👇

🔍 See hidden GSC queries
🌍 Global keyword metrics in one view
🎯 2x more paid keyword coverage

Watch the 3-min talk-through: https://t.co/PY6J7N2xAE",1930917625674231817,['1930917625674231817'],,2025-06-06T09:20:11.000Z,5,3,34,1,11,370483,ahrefs
en,1930671000313827449,"NEW: Time range selection in Web Analytics charts 🎉

You can now click and drag across the timeline to zoom into a specific date range.

It’s a faster way to focus on key periods and spot trends with more detail. https://t.co/r83l1c1NQ2",1930671000313827449,['1930671000313827449'],,2025-06-05T17:00:11.000Z,4,4,10,0,1,6467,ahrefs
en,1929946201052590402,"NEW: Performance by position in GSC Overview 🎉

See how each position group performs in terms of clicks and impressions for your selected period.

Curious about which keywords fall into each group? Just check the Keywords column. https://t.co/AnV8MxEn3v",1929946201052590402,['1929946201052590402'],,2025-06-03T17:00:05.000Z,4,2,21,0,1,9659,ahrefs
en,1929206390394155314,"NEW: GSC reports moved 🚀

You’ll now find them in your Dashboard, under the GSC tab – not in Rank Tracker.

Quick talk-through 👇 https://t.co/tZeNKxNr1h",1929206390394155314,['1929206390394155314'],,2025-06-01T16:00:21.000Z,0,2,17,0,10,293257,ahrefs
en,1927771877713248703,"NEW: Outbound link clicks in Web Analytics 🕵️

Curious where your visitors go next? Now, you can track it.

Web Analytics now captures outbound link clicks – so you’ll see which external links are getting the most action. https://t.co/N4t4q6K8Np",1927771877713248703,['1927771877713248703'],,2025-05-28T17:00:06.000Z,2,2,19,0,3,1923,ahrefs
en,1925597552386416815,"Ahrefs Web Analytics hits 50,000+ installs 🔥

The free Google Analytics alternative you’ve been waiting for.

A better way to track website traffic: focused insights, privacy-friendly, cookie-free, and lightning-fast.

Get it for free: https://t.co/Noi2Ijy0np https://t.co/lCZVLzcdnj",1925597552386416815,['1925597552386416815'],,2025-05-22T17:00:07.000Z,7,7,39,0,16,12356,ahrefs
en,1924510427867971638,"NEW: GSC charts in Report Builder 🎉

Add clicks, impressions, CTR &amp; position straight from Google Search Console to your reports.

Watch more 👇 https://t.co/LaUEeuwBih",1924510427867971638,['1924510427867971638'],,2025-05-19T17:00:16.000Z,0,8,53,0,25,1211922,ahrefs
en,1922698502007816458,"NEW: Paid Keywords 3.0 just got smarter 🚀

If your target ad’s missing in the latest SERP, we now look back up to 1 month to find it.

✅ More complete data
✅ Up to 2× more keywords

Watch more 👇 https://t.co/kHMLMpCc6D",1922698502007816458,['1922698502007816458'],,2025-05-14T17:00:19.000Z,4,5,78,0,26,1306401,ahrefs
en,1922562531257876686,"AI Overviews are killin...changing SEO 🙈

We studied 300k+ keywords to figure out what actually triggers them.

Here’s what we found – plus, 6 simple steps to rank in Google's AIOs.

#AIO #AIsearch #SEO

https://t.co/Hho6cTLMef",1922562531257876686,['1922562531257876686'],,2025-05-14T08:00:01.000Z,6,2,36,0,19,50612,ahrefs
en,1921973733272830310,"NEW: Anonymous Queries report 🕵️

46% of clicks in GSC = “anonymous.”

We mapped the gaps – so you can see that missing keyword data in Rank Tracker.

Watch more 👇 https://t.co/NyMXlkVLs7",1921973733272830310,['1921973733272830310'],,2025-05-12T17:00:21.000Z,4,5,61,1,43,1148614,ahrefs
en,1920524130241446139,"NEW: Improved data logic in Paid Keywords 3.0 🚀

Ads are volatile – so relying on just the latest SERP doesn’t cut it.

Now, if we don’t see your target in the latest one, we’ll look back up to 1 month to find it and display data from there.

 ✅ More complete data
 ✅ Up to 2× https://t.co/P1xQhlvPUk",1920524130241446139,['1920524130241446139'],,2025-05-08T17:00:08.000Z,2,5,16,0,0,2185,ahrefs
en,1919799347086328095,"NEW: Global keyword metrics in Organic Keywords 🔥

🌍 How popular is that keyword globally?

Find out with the new Global mode in Site Explorer’s Organic Keywords report. See:

✅ Search volume + traffic across all locations
✅ A list of countries where each keyword appears
✅ https://t.co/oLebJlqNFB",1919799347086328095,['1919799347086328095'],,2025-05-06T17:00:07.000Z,6,3,33,0,2,133449,ahrefs
en,1917987396366549212,"NEW: Bulk keyword actions in Rank Tracker ⚡

Managing keywords just got way easier. You can now:

 ✅ Select all keywords in a report
 ✅ Bulk edit or delete across multiple pages
 👉 We’ll remember your selection! https://t.co/wMxca4Mhe0",1917987396366549212,['1917987396366549212'],,2025-05-01T17:00:04.000Z,0,2,9,0,3,1776,ahrefs
en,1917262647730606412,"NEW: Cloudflare deployment for Patches 🛠️

Using Cloudflare to host your site? You can now publish patches directly to your website with Cloudflare workers.

🔒 Fully secure – no credentials stored
⚙️ Real-time patch delivery via JSON

Just authorize Ahrefs once to create a https://t.co/3ln0LOulu1",1917262647730606412,['1917262647730606412'],,2025-04-29T17:00:10.000Z,3,5,39,0,9,858520,ahrefs
en,1916537862012764330,"NEW: Ask AI by topic in AI Content Helper 🤖

Topical depth? Now a breeze.

We’ve added an “Ask AI” button to every topic card in AI Content Helper that opens a chat trained just for that topic – with prompt ideas to kick things off.

Try it out! https://t.co/FDtQzOIPld",1916537862012764330,['1916537862012764330'],,2025-04-27T17:00:08.000Z,2,5,45,0,20,1272720,ahrefs
en,1915813072662630665,"NEW: Total visitors on your Dashboard 📊

No more guessing – see actual website visitor numbers from Web Analytics right in your main Dashboard.

📅 Select different time ranges
📈 See average monthly visitors for ranges longer than a month

Click to dig deeper into the full Web https://t.co/WsMZsMBgtg",1915813072662630665,['1915813072662630665'],,2025-04-25T17:00:05.000Z,0,2,20,0,2,112779,ahrefs
en,1915088291105505717,"NEW: Web Pages in Brand Radar 🌐

Track brand mentions across web content, in addition to AI overviews.
Just set your market scope, add entities, and get results and aggregated metrics. Choose to see:

✅ New mentions – Fresh monthly mentions
✅ Total mentions – Cumulative https://t.co/xtTWwmfRmB",1915088291105505717,['1915088291105505717'],,2025-04-23T17:00:03.000Z,2,4,36,1,7,120104,ahrefs
en,1914001170944921964,Learn more at: https://t.co/acoGyagx7u,1914001159028928654,['1914001170944921964'],256999501,2025-04-20T17:00:14.000Z,2,0,5,0,1,1356,ahrefs
en,1914001159028928654,"NEW: Always-on Audit ⏰

✅ Crawl your website 24/7
✅ Get emails for critical issues
✅ Ideal as a complement to scheduled crawls

Watch a quick talk-through 👇 https://t.co/h1TROedfy9",1914001159028928654,['1914001159028928654'],,2025-04-20T17:00:11.000Z,2,3,12,0,1,1638,ahrefs
en,1912914020358820053,"NEW: Brand Radar improvements

✅ Explore visibility across specific locations
✅ New metrics and charts

Watch a quick talk-through 👇 https://t.co/VtWBoBBQ3G",1912914020358820053,['1912914020358820053'],,2025-04-17T17:00:17.000Z,2,3,70,0,24,1226025,ahrefs
en,1912189245080678464,"NEW: Customize your menu in Ahrefs!

Just hit All tools and star ⭐️ your favorites.

Watch it in action 👇 https://t.co/OivGZokI5A",1912189245080678464,['1912189245080678464'],,2025-04-15T17:00:17.000Z,1,5,48,1,26,1209099,ahrefs
en,1911464576161595808,"🚀 Want to optimize for AI search?

Try: Ahrefs Brand Radar.

✅ Track brand visibility in AI-generated mentions
✅ Benchmark AI share of voice (SOV) against competitors
✅ Win new market share from LLMs early on

Watch it in action 👇 https://t.co/ptPKR367fx",1911464576161595808,['1911464576161595808'],,2025-04-13T17:00:42.000Z,6,5,44,0,41,276897,ahrefs
en,1910739647229268222,"NEW: Smarter charts in Web Analytics 📊

Click “View more” at the bottom of any Web Analytics widget to see two powerful upgrades in your charts:

 🔁 Comparison mode – Compare time periods like current vs. previous or year-over-year
 📈 Relative mode – See % share shifts over https://t.co/6uUFykahoN",1910739647229268222,['1910739647229268222'],,2025-04-11T17:00:06.000Z,2,3,36,0,2,96553,ahrefs
en,1910513133078417429,"What if your copy could consistently convert 3x better? 

William Wang, Founder &amp; CEO of Scale Tribe, will be unpacking the exact framework behind high-converting copy that moves the needle - not just clicks.

Save your seat 👉 https://t.co/WpebLjBm2Z https://t.co/UcE4MttaID",1910513133078417429,['1910513133078417429'],,2025-04-11T02:00:01.000Z,0,3,8,0,1,1578,ahrefs
en,1910150748203077815,"Still keeping SEO &amp; Paid on separate tracks? You’re missing out.

Hear from Jin Ma, Director of Experience at @dentsu_global, on how syncing organic &amp; paid drives results.

🏆 Her work helped dentsu earn Search Agency of the Year (Silver) in 2024.

Save your seat 👉 https://t.co/zB2MBkbSXy",1910150748203077815,['1910150748203077815'],,2025-04-10T02:00:01.000Z,0,4,11,0,2,1751,ahrefs
en,1910014863746949410,"NEW: See organic keywords across all locations 🌍

No more switching reports! Now, view all your keywords from every location in one place: Site Explorer's Organic keywords report.

Traffic dropped? Quickly spot which keywords (and where) are behind it in seconds. https://t.co/29VlJ3lshK",1910014863746949410,['1910014863746949410'],,2025-04-09T17:00:04.000Z,2,0,38,1,0,95760,ahrefs
en,1909878288706945288,"Here’s what we shipped at Ahrefs this March 🚀

Introducing a brand new tool that lets you optimize your presence in AI search (!!), new charts in Web Analytics to visualize visitor trends, and lots more.

⏱ Just 4 minutes to catch up!
🎥 Watch the full video: https://t.co/jswWqfiVF4",1909878288706945288,['1909878288706945288'],,2025-04-09T07:57:22.000Z,2,4,22,0,2,2021,ahrefs
en,1909425970014195883,"What actually works when adapting strategy across different business stages?

Listen to Venus Cheung, SMB Marketing Lead at @Xero this May on applying agile, growth-focused strategies that drive results.

Get your tickets here 👉 https://t.co/WpebLjBm2Z https://t.co/OHIUptBHny",1909425970014195883,['1909425970014195883'],,2025-04-08T02:00:01.000Z,0,2,4,0,1,1560,ahrefs
en,1906957078515905012,"Today Ahrefs is re-branding to AI-hrefs!

The world’s first Vibe Marketing Platform™

What's inside:

🔸 AI-hrefs Agent™: Ready to answer all your SEO questions with confidently vague and non-committal ""it depends.""

🔸 Generate-Everything bot™: Our state-of-the art AI will https://t.co/zU8IHDxIvL",1906957078515905012,['1906957078515905012'],,2025-04-01T06:29:31.000Z,29,26,159,10,22,19507,ahrefs
en,1905303824040165651,"NEW: Custom filter presets in Keywords Explorer 🔧

Save time and streamline your workflow with custom filter presets!

Set and save your presets to pull them up instantly whenever you need them. Star your favorites for even quicker access ⭐

Presets are stored per user and are https://t.co/IIhowODnOz",1905303824040165651,['1905303824040165651'],,2025-03-27T17:00:05.000Z,2,5,68,1,4,67325,ahrefs
en,1904841334382268541,"Scaling lessons you can't Google (or ask your LLM)?

Listen to @thealvinpoh unfiltered journey this May at Ahrefs Evolve Mini – Singapore edition.

✅ Real-world insights
✅ Actionable frameworks
✅ &amp; truly a no-BS take

https://t.co/WpebLjAOdr https://t.co/n2Q84oLYB4",1904841334382268541,['1904841334382268541'],,2025-03-26T10:22:19.000Z,0,2,6,0,0,1371,ahrefs
en,1904216655963804040,"NEW: Advanced tag filter in Rank Tracker 🏷️

Segment your data with more flexibility using the upgraded tag filter in Rank Tracker reports.

Create multiple rules and apply different conditions to track performance more precisely 🔥 https://t.co/BQ9NqDoK3O",1904216655963804040,['1904216655963804040'],,2025-03-24T17:00:04.000Z,3,5,77,0,0,76642,ahrefs
en,1903129493746971090,"NEW: Chart by dimensions in Web Analytics 📊

Get deeper insights into visitor behavior with these new charts.

Click “View more” at the bottom of any widget to see a chart of the top 5 results by visitors over time. Switch between key metrics like:

✅ Bounce Rate
✅ Visit https://t.co/xb7tHy3UH7",1903129493746971090,['1903129493746971090'],,2025-03-21T17:00:04.000Z,5,2,80,0,2,75270,ahrefs
en,1901317618524704891,"5/

Set up your first Portfolio in minutes!

Learn more 👉
https://t.co/tIqneZ3m2L",1901317554569990307,['1901317618524704891'],256999501,2025-03-16T17:00:19.000Z,0,0,3,0,0,1437,ahrefs
en,1901317605832745375,"4/

Fine-tune your local SEO strategy.

👉 Analyze regional keyword performance
👉 Compare performance across locations https://t.co/OUH4R94YkW",1901317554569990307,['1901317605832745375'],256999501,2025-03-16T17:00:16.000Z,0,1,2,0,0,1532,ahrefs
en,1901317588724125749,"3/

Create author-specific portfolios.

👉  Content marketers: Audit your own articles for traffic losses/gains
👉  Content managers: See who's bringing the most traffic and backlinks https://t.co/a1j8j4fl4j",1901317554569990307,['1901317588724125749'],256999501,2025-03-16T17:00:12.000Z,0,1,2,0,1,146,ahrefs
en,1901317571783401752,"2/

Track multiple competitors at once.

👉  See their best pages &amp; keywords
👉  Monitor backlink growth
👉  Track what pages they're running ads for https://t.co/XRyzRhDUXe",1901317554569990307,['1901317571783401752'],256999501,2025-03-16T17:00:08.000Z,0,2,2,0,1,189,ahrefs
en,1901317554569990307,"Introducing: Ahrefs Portfolios 🔥

Group up to 1,000 links from 10 different domains and track performance as a whole for:

✅ Competitors
✅ Author portfolios
✅ Regional rankings

…and more! Learn more 👇 https://t.co/basZMFydq4",1901317554569990307,['1901317554569990307'],,2025-03-16T17:00:04.000Z,3,4,78,0,9,87739,ahrefs
en,1899868035080741088,"3⃣ Detect gaps where AI isn’t mentioning you

Discover the exact search queries and AI outputs where your competitors are featured, but you aren’t. https://t.co/guUIhl0nty",1899868002721685726,['1899868035080741088'],256999501,2025-03-12T17:00:12.000Z,0,0,8,0,1,1459,ahrefs
en,1899868019431792668,"2⃣ Benchmark AI share of voice (SOV)

Compare your brand’s share in AI Overviews and capture new market share before they do. https://t.co/Q7GCKXEpC4",1899868002721685726,['1899868019431792668'],256999501,2025-03-12T17:00:08.000Z,0,1,7,0,1,1732,ahrefs
en,1899868002721685726,"Meet Ahrefs' NEW Brand Radar [beta]  👋

1⃣ Track your brand’s visibility in AI search

See where you stand in LLMs and uncover key conversations you’re being mentioned in AI Overviews. https://t.co/V0lxrEzjTL",1899868002721685726,['1899868002721685726'],,2025-03-12T17:00:04.000Z,43,10,450,8,41,49049,ahrefs
en,1899143298658586965,"NEW: Brand Radar [beta] 🎯

Optimize for AI search:

👉 Track brand visibility in AI-generated mentions
👉 Benchmark AI share of voice (SOV) against competitors
👉 Win new market share from LLMs early on

Try it now! https://t.co/S8uyGVFPjC",1899143298658586965,['1899143298658586965'],,2025-03-10T17:00:21.000Z,6,4,90,0,125,528441,ahrefs
en,1896968899587117373,"NEW: Paid keywords with organic positions in top 10 🔥

See paid keywords for which your target already ranks in the top 10 organically 👀

Use this to help align your PPC and SEO strategies to optimize spend, reinforce high-performing keywords, or rethink bidding on keywords https://t.co/YMWGLPNPeM",1896968899587117373,['1896968899587117373'],,2025-03-04T17:00:04.000Z,2,6,77,0,5,78745,ahrefs
en,1894914778122068488,"NEW: Sparklines for clicks and impressions in GSC reports 📈

Instantly spot trends for clicks and impressions for both your keywords and pages with these sparkline charts – something GSC doesn’t show as easily.

Available in: Rank Tracker’s GSC keywords and GSC pages reports. https://t.co/4zEOlFePke",1894914778122068488,['1894914778122068488'],,2025-02-27T00:57:43.000Z,30,301,165,0,5,11378,ahrefs
en,1894794571558855107,"NEW: Group traffic by acquisition channel in Web Analytics 🔎

Find out which channels are driving the most visitors to your website – whether it’s Search, LLM, Email, Paid search, and so on. (Internal = your own project) https://t.co/28g31cGdsk",1894794571558855107,['1894794571558855107'],,2025-02-26T17:00:04.000Z,13,2,135,1,9,203537,ahrefs
en,1893707409941836174,"NEW: Chat function in AI Content Helper  💬

Improve your content for both humans and search engines. Just open a chat to ask AI to identify weak points in your content, brainstorm ideas, refine your article structure, and more.

Big updates coming soon, including inline https://t.co/rO3ZIVjgDp",1893707409941836174,['1893707409941836174'],,2025-02-23T17:00:04.000Z,6,5,66,2,6,125044,ahrefs
en,1892257900447560015,"NEW: Batch AI in Site Audit ✨

Tired of writing titles &amp; meta descriptions manually? Let AI do it in seconds ⚡

Just look for the Batch AI button in Site Audit issue reports &amp; scale up to 50k pages/month.

Available with a Max project boost. https://t.co/mpFeUKFoCG",1892257900447560015,['1892257900447560015'],,2025-02-19T17:00:14.000Z,0,2,32,0,18,596688,ahrefs
en,1888633978443448432,"NEW: YOY positions and pages in GSC Overview 🔥

Year-over-year tracking = performance monitoring while factoring in seasonality fluctuations.

Now you can assess your website’s YoY performance for both organic positions and pages in Rank Tracker’s GSC Overview report 🔎 https://t.co/l27mwUzCnO",1888633978443448432,['1888633978443448432'],,2025-02-09T17:00:04.000Z,0,4,16,0,1,2360,ahrefs
en,1887909230197473741,"NEW: Competitive map in Reports Builder 🔥

🔍 Take control of your competitive analysis!

Build your own competitive map in Reports Builder and customize it across three axes choose from key backlink, organic, and paid metrics. https://t.co/L6CPGabSCx",1887909230197473741,['1887909230197473741'],,2025-02-07T17:00:10.000Z,1,2,22,2,6,741023,ahrefs
en,1887184425848627464,"NEW: Organic position in Paid keywords report 🔥

Check out organic positions in the Paid keywords report in Site Explorer!

See if you’re running ads on keywords that your website already ranks for organically 👀 https://t.co/cq4IWcXowI",1887184425848627464,['1887184425848627464'],,2025-02-05T17:00:03.000Z,1,2,43,0,10,205888,ahrefs
en,1886097345487761750,"6/

Try Ahrefs Web Analytics today.

It takes just 3 simple steps to install!

Learn more 👉 https://t.co/BNvp5EXqGw https://t.co/Noi2Ijy0np",1886097260972569015,['1886097345487761750'],256999501,2025-02-02T17:00:23.000Z,0,3,2,0,2,1742,ahrefs
en,1886097332401533147,"5/

Understand your audience and inform your strategies:

📍 Traffic by location: Know where to focus your campaigns
💻 Devices: Optimize for mobile, desktop, and beyond https://t.co/R7OnbyEKCI",1886097260972569015,['1886097332401533147'],256999501,2025-02-02T17:00:20.000Z,0,2,4,0,0,1857,ahrefs
en,1886097316333117694,"4/

Know your winners and top performers:

 👉 Top sources: Where your traffic comes from
 👉 Top pages: Which content is driving the most organic visits https://t.co/GynS5uyY7h",1886097260972569015,['1886097316333117694'],256999501,2025-02-02T17:00:16.000Z,0,2,0,0,0,331,ahrefs
