text,edit_history_tweet_ids,created_at,id,public_metrics.retweet_count,public_metrics.reply_count,public_metrics.like_count,public_metrics.quote_count,public_metrics.bookmark_count,public_metrics.impression_count
"Start your week on a positive note by spreading kindness and positivity around the office. A simple smile can go a long way in brightening someone's day and creating a more uplifting work environment. üòÉ 
#MondayMotivation #SpreadPositivity #SmileMore https://t.co/xv86iR9VBm",['1777341172060483942'],2024-04-08T14:22:11.000Z,1777341172060483942,0,0,0,0,0,1157
"Don't be afraid to dream big, set ambitious goals, and ask for what you truly deserve. Whether it's at work, in your job search or in your personal life, have the courage to speak up, take risks, and go after what you want. üåàüöÄ 
#MondayMotivation #Courage #DreamBig https://t.co/1NQBroi3jP",['1774804457902965032'],2024-04-01T14:22:11.000Z,1774804457902965032,0,0,4,0,0,1119
"Whether you're switching industries or advancing in your current field, showcasing skills like communication, problem-solving, and leadership can set you apart from the competition. #CareerDevelopment #CareerAdvice üöÄ
https://t.co/Uuj5I5QEmU",['1773707935128101159'],2024-03-29T13:45:00.000Z,1773707935128101159,2,1,1,0,0,1113
"""Know your personal brand. Own your personal brand. And you're going to find that's going to attract people to you.""
#SelfLove #Empowerment #YoungerSelfAdvice #femaleleaders #DEI #careerpath üå∫ https://t.co/Z6qHL29jUv",['1772752987368067437'],2024-03-26T22:30:23.000Z,1772752987368067437,0,0,3,0,0,1134
"Let's talk about how we can support women in advancing their careers! üíºüöÄ Let's work together to break down barriers &amp; build a more inclusive and supportive environment for all professionals to thrive! #WomenEmpowerment #CareerAdvancement #DEI #WHM üå∏üë©üèΩ‚Äçüíºüí™üèº
https://t.co/Bk40LIdMjI",['1772268454315274624'],2024-03-25T14:25:01.000Z,1772268454315274624,1,0,2,0,1,982
"LAST CHANCE, ending TONIGHT Sunday, March 24! Have you entered our ‚ÄúSuccess on Your Terms‚Äù sweepstakes for a chance to win one of two $2,000 gift cards to help you level up your job search or career path?! üöÄ #Successonyourtermssweeps #Entertowin
https://t.co/iae3vPcZv5",['1771970486639186327'],2024-03-24T18:41:00.000Z,1771970486639186327,0,1,3,0,0,1259
"LAST CHANCE, ending TONIGHT Sunday, March 24! Have you entered our ‚ÄúSuccess on Your Terms‚Äù sweepstakes for a chance to win one of two $2,000 gift cards to help you level up your job search or career path?! üöÄ #Successonyourtermssweeps #Entertowin
https://t.co/iae3vPcrFx",['1771836353308713333'],2024-03-24T09:48:00.000Z,1771836353308713333,0,0,2,0,0,1039
"LAST CHANCE, ending TOMORROW, Sunday, March 24! Have you entered our ‚ÄúSuccess on Your Terms‚Äù sweepstakes for a chance to win one of two $2,000 gift cards to help you level up your job search or career path?! üöÄ #Successonyourtermssweeps #Entertowin
https://t.co/iae3vPcrFx",['1771608350142202026'],2024-03-23T18:42:00.000Z,1771608350142202026,0,0,3,0,0,1044
"In celebration of #WHM, we are showcasing some of the achievements and contributions of female employees. Today, we have Kristin Howard, Senior Manager, Financial Operations in IL stepping into the spotlight for our Feature Friday series! 
Give her a ‚ô•Ô∏è  to show congrats! https://t.co/7LIVCZlfvB",['1771292062882701392'],2024-03-22T21:45:11.000Z,1771292062882701392,0,0,2,0,0,996
"LAST CHANCE, ending this weekend, Sunday, March 24! Have you entered our ‚ÄúSuccess on Your Terms‚Äù sweepstakes for a chance to win one of two $2,000 gift cards to help you level up your job search or career path?! üöÄ #Successonyourtermssweeps #Entertowin
https://t.co/iae3vPcrFx",['1771245962297557187'],2024-03-22T18:42:00.000Z,1771245962297557187,1,0,0,0,0,850
"Some of our @CareerBuilder #femaleleaders shared their insights on their journey to leadership during our recent #WHM &amp; #IWD lunch &amp; learn for our Builders. Our CMO/CRO, Kristin Kelley, shared her thoughts on how #sponsorship &amp; #allyship from male counterparts can benefit women. https://t.co/XOZGxAF2QA",['1770937034972000263'],2024-03-21T22:14:26.000Z,1770937034972000263,0,0,2,0,1,857
"We are highlighting one of our key #WHM supporters today, @MarriottVAC. They currently have more than a variety of open positions available, including Sales Executive, Administrative Assistant, Guest Services Agent + more! Apply today ‚§µÔ∏è 
https://t.co/BkCspdAQZQ https://t.co/HbPIptp9af",['1770908265079046623'],2024-03-21T20:20:06.000Z,1770908265079046623,1,0,4,0,0,831
"LAST CHANCE, ending this weekend, Sunday, March 24! Have you entered our ‚ÄúSuccess on Your Terms‚Äù sweepstakes for a chance to win one of two $2,000 gift cards to help you level up your job search or career path?! üöÄ #Successonyourtermssweeps #Entertowin
https://t.co/iae3vPcrFx",['1770883574692032925'],2024-03-21T18:42:00.000Z,1770883574692032925,0,0,1,0,0,747
"üéâ Happy Holi everyone! üåà Let's spread love, joy, and colors all around as we celebrate this vibrant festival of unity and togetherness. May this day bring you happiness, prosperity, and lots of fun with your loved ones.
üé®üí´ #HappyHoli #FestivalOfColors #CelebrateLove üå∫üåü https://t.co/oLrOaGYfeI",['1770616433833087475'],2024-03-21T01:00:28.000Z,1770616433833087475,1,1,6,0,0,1265
@SunbeltRentals is hiring #technians who want a career to count on.  With perks like a tool allowance program to get you started and training programs to make sure you keep growing your craft- there‚Äôs no better place for Technicians to thrive ‚§µÔ∏è https://t.co/H7gYVAhju9 https://t.co/nqkdjv2uVF,['1770542393844027596'],2024-03-20T20:06:16.000Z,1770542393844027596,0,0,0,0,0,139
"üé®‚ú® Happy Holi! CareerBuilders in India come together for the Holi Celebration this year! üåàüî• May your life be filled with vibrant hues of happiness and prosperity. Spread love, kindness, and positivity today and always. üå∫üíú #HappyHoli #FestivalOfColors #SpreadLoveAndJoy https://t.co/myibIA0tnW",['1770527683249598493'],2024-03-20T19:07:49.000Z,1770527683249598493,1,2,5,0,0,912
"@AltecInc currently has a variety of open positions available, including Outside Sales, Mechanic, Manufacturing Engineer + more! Apply today ‚§µ
https://t.co/ltCrv4m0m7
#WHM #DEI #HiringNow https://t.co/IbjdBkoStd",['1770527092213469481'],2024-03-20T19:05:28.000Z,1770527092213469481,1,1,2,0,0,201
"@AltecInc currently has a variety of open positions available, including Outside Sales, Mechanic, Manufacturing Engineer + more! Apply today ‚§µ
https://t.co/ltCrv4m0m7
#WHM #DEI #HiringNow https://t.co/MEH19kybVc",['1770214942513221707'],2024-03-19T22:25:05.000Z,1770214942513221707,0,1,1,0,0,560
"Believe in the impact of your work, because every small step contributes to something greater. Embrace this mindset today &amp; watch how your passion and dedication create ripples of positive change. Let's make this week amazing together! #MondayMotivation #MakeADifference üåüüöÄ https://t.co/lJJ19gvx4D",['1769730774972965259'],2024-03-18T14:21:11.000Z,1769730774972965259,1,0,3,0,0,1493
"üåü Are you looking for a new job? üåü During February, check out the top industries currently hiring! üìà You can find open toles for all on https://t.co/4iSgmml92E!
üîç Don't miss out on these great opportunities - polish up your resume and start applying today! üíº #JobSearch https://t.co/hvzcmvJtu4",['1767679524563476560'],2024-03-12T22:30:15.000Z,1767679524563476560,1,0,4,0,2,1111
"Happy Monday, everyone! üí™ Let's kickstart this week with determination and passion. Embrace challenges as opportunities for growth and keep pushing forward. Believe in yourself and your abilities, and success will follow. Have a productive week ahead! #MondayMotivation #DreamBig https://t.co/kGH7WJcaOb",['1767357111162347982'],2024-03-12T01:09:05.000Z,1767357111162347982,1,0,4,0,0,1223
"üåü Happy International Women's Day! üåü Today, we celebrate the incredible achievements and contributions of women around the world and aim to #inspireinclusion every day.  üí™üèΩüö∫üíï #InternationalWomensDay #WomenLeaders #GenderEquality #EmpowerWomen #IWD24 #DEI https://t.co/BNern6R0yU",['1766131876949819760'],2024-03-08T16:00:27.000Z,1766131876949819760,1,1,6,0,0,872
"Women only make up 28% of executive positions on leadership teams despite accounting for 47% of the U.S. workforce. It's essential to consider how and why it's so important to hire and retain female employees.
#WomensHistoryMonth #WHM #DEI #femaleleaders
https://t.co/tX0zEIpQJp",['1765775918822543462'],2024-03-07T16:26:00.000Z,1765775918822543462,1,1,4,0,0,821
"#WinningWednesday! Have you entered our ‚ÄúSuccess on Your Terms‚Äù sweepstakes for a chance to win one of two $2,000 gift cards to help you level up your job search or career path?! Enter today üëâ  https://t.co/1XObgvwe4S
#Sweepstakes #Entertowin #jobsearch https://t.co/wgKrAEPsI4",['1765454619344339218'],2024-03-06T19:09:16.000Z,1765454619344339218,1,0,5,0,0,915
"This month, we honor the incredible contributions of women throughout history and within our workplace. From trailblazers who shattered glass ceilings to everyday heroes making a difference, let's recognize and uplift the women around us. #WHM2024 
https://t.co/I7N0Rg6ppM",['1765025575427596496'],2024-03-05T14:44:24.000Z,1765025575427596496,1,1,5,0,0,909
"üåü Happy Monday, everyone! üåü Let's kick off the week with some powerful motivation! üí°üí™ As we tackle the challenges and opportunities this week brings, let's strive to channel our intellect into productive actions and positive outcomes in our job search or career path. üíº‚ú® https://t.co/0jBvLxzxXD",['1764814104173109647'],2024-03-05T00:44:05.000Z,1764814104173109647,0,2,5,0,0,1029
"Volunteering can play a significant role in honoring and celebrating Black History Month. By volunteering for organizations that support and uplift the Black community, individuals can actively contribute to preserving and promoting Black history and culture. #BHM https://t.co/PfNXb1dlG4",['1763298892643209506'],2024-02-29T20:23:11.000Z,1763298892643209506,1,0,5,0,0,1006
"The different perspectives, experiences, &amp; backgrounds of diverse employee communities drive the creativity, innovation, &amp; problem-solving at the heart of our business. As we continue celebrating #BHM, we are sharing some of our recommendations for top books, movies and TV shows. https://t.co/Op1qvM9KbS",['1762919161209012224'],2024-02-28T19:14:16.000Z,1762919161209012224,1,1,5,0,0,981
"It‚Äôs time to pursue your dream job on your terms! Enter our ‚ÄúSuccess on Your Terms‚Äù sweepstakes now for a chance to win one of two $2,000 gift cards. 
#Successonyourtermssweeps #Entertowin
https://t.co/iae3vPcrFx",['1762864367102509115'],2024-02-28T15:36:32.000Z,1762864367102509115,2,1,5,0,0,971
"If you're hiring for jobs that range from electrical apprentices to project managers, our hiring initiatives, such as Pay Per Resume, allow you to take complete control over your hiring process including timeline and budget. #hiringnow https://t.co/AMQDLS3Ag3",['1762500462119625209'],2024-02-27T15:30:30.000Z,1762500462119625209,1,1,3,0,0,920
"Embracing authenticity in the workplace is a powerful tool that can lead to success in your career. When you stay true to yourself, you bring unique perspectives, ideas, &amp; skills to the table that can set you apart from others. #MondayMotivation https://t.co/vMJSc636Lt",['1762279653652242790'],2024-02-27T00:53:05.000Z,1762279653652242790,1,1,4,0,0,954
"Don't let the challenges of the week ahead deter you. Stay determined, stay focused, and keep pushing forward. You've got this! üí™‚ú®
#MondayMotivation #KeepMovingForward #YouGotThis #PositiveVibes #EmbraceChallenges https://t.co/aqIHeyQoA2",['1759639256991957273'],2024-02-19T18:01:06.000Z,1759639256991957273,0,1,4,0,0,1256
"Happy Friday! Today we have, Deanna Pippen, Manager, Organizational Change Management, in GA stepping into the spotlight for our #FeatureFriday series. 
Your commitment to excellence and your willingness to go above and beyond never goes unnoticed.  üéâüëè https://t.co/wMRNpfscBW",['1758522419885506792'],2024-02-16T16:03:11.000Z,1758522419885506792,0,1,8,0,0,1019
"Happy Valentine's Day! Share with your work BFF or tag the one you can't live without at work to help sprinkle some extra üíï today. 
 #ValentinesDayVibes #SpreadTheLove #DreamTeam #LoveWhereYouWork https://t.co/YOKtwsyHOw",['1757840153282793749'],2024-02-14T18:52:06.000Z,1757840153282793749,0,0,8,0,0,1046
"Not all jobs related to animal health care require an undergraduate or graduate degree.  üê∂ üê± Check out our round-up of rewarding jobs with animals, along with the requirements and job outlook for each one so you can level up your #jobsearch ‚§µÔ∏è 
https://t.co/ZElkQux3CW https://t.co/ipXwD2BrI6",['1757532416564994056'],2024-02-13T22:29:16.000Z,1757532416564994056,1,0,5,0,0,1150
"Happy Monday, everyone! üåà Whether in your professional or personal life, your kindness, compassion, and positivity can make a world of difference to someone. Let's make this week a little brighter for those around us. 
#MondayMotivation #SpreadPositivity #BeARainbow https://t.co/2Z3ciFI3L0",['1757108329304727668'],2024-02-12T18:24:05.000Z,1757108329304727668,0,0,6,0,0,1174
"Join us in this Mastering Management webinar with @HR_Brew to hear more about how managers can be empowered to better support their employees, teams, and broader company goals.
#effectivemanagement #webinars
https://t.co/cnud25gL2s",['1755969305496162551'],2024-02-09T14:58:01.000Z,1755969305496162551,0,1,5,0,0,1012
"Creating purposeful ways to educate your employees &amp; peers about the significance of #BHM emphasizes the importance of recognizing the dynamic contributions of all people to society. Learn how to celebrate #BlackHistoryMonth at work ‚§µÔ∏è
https://t.co/YsThRZo4jP",['1755266030031548745'],2024-02-07T16:23:27.000Z,1755266030031548745,1,2,5,0,0,1118
"Job Seekers, Take Note: During January, Administration, Healthcare/Social Assistance, and Retail industries were the most in-demand, as were top job available jobs as Registered Nurses, Truck Drivers, and Salespersons. #HiringNow https://t.co/Zrcug07LkI",['1754999453868495291'],2024-02-06T22:44:10.000Z,1754999453868495291,1,1,5,0,0,1229
"By taking the time to discover and embrace our true selves, we can unlock our full potential and achieve great things in our careers. By doing so, you'll not only be happier and more fulfilled at work, but you'll also be more productive and successful in your role. üòÉ https://t.co/zXFOZKcmll",['1754566077583970391'],2024-02-05T18:02:05.000Z,1754566077583970391,3,1,6,0,0,1142
"Technology isn't only a matter of computers and applications but also a rapidly evolving process that has affected every aspect of business, including human resources (HR). #HRtrends
https://t.co/UKA49lz23g",['1752427177587380235'],2024-01-30T20:22:52.000Z,1752427177587380235,1,1,9,0,0,1365
RT @CBforEmployers: We‚Äôre not afraid to taco about it! @ChipolteTweets is everyone‚Äôs favorite lunch here at @CareerBuilder. Fuels us up to‚Ä¶,['1752029708525400097'],2024-01-29T18:03:28.000Z,1752029708525400097,1,0,0,0,0,0
"If you're interested in technology and enjoy problem-solving, then a career in IT may be worth considering. Here are a few factors to help you determine whether this career path is right for you.
https://t.co/1vGCdcKW4Q",['1750653752703418764'],2024-01-25T22:55:54.000Z,1750653752703418764,2,0,4,1,0,1318
"Whether it's in our personal or professional lives, let's strive to make quality a habit. By doing so, we can develop a mindset of excellence that will help us achieve our goals and be successful in all aspects of our lives. ‚≠ê https://t.co/8xJBUqOuvY",['1749499214839607489'],2024-01-22T18:28:11.000Z,1749499214839607489,0,0,2,0,0,1120
"*Never shares screen again*
Thanks to our friend @CorpNatalie For recognizing the struggle is real for employees across the country. üòÇ
We are here for you, err we mean ""Ronnie,"" to help find a job that fits your own unique needs and wants. https://t.co/xh8yZuYKsq",['1747677603412992192'],2024-01-17T17:49:45.000Z,1747677603412992192,1,1,5,0,0,1322
"Happy Feature Friday, everyone! Today, we would like to shine the spotlight on one of our amazing employees who has been making a real difference. Sumit Kumar Singh is  one of our Application Administrators in India, and we truly appreciate all of his hard work and dedication! ‚≠ê https://t.co/PgOJu8CVWJ",['1745837587644780661'],2024-01-12T15:58:11.000Z,1745837587644780661,1,2,4,0,0,1249
Choosing a career in an industry with lots of growth can be beneficial. Booming industries are more likely to have openings for a variety of positions. https://t.co/9QoT4zPYvC,['1745465465261228376'],2024-01-11T15:19:30.000Z,1745465465261228376,2,1,4,0,0,1222
"Attention #jobseekers! Guess which industries were bursting with job opps during December? Whether you're a fresh grad or a seasoned pro, these industries have something for everyone! So, if a new job is on your list of resolutions for 2024, take a üëÄ at our site to get started! https://t.co/3HwAXsuoYC",['1744847309274218618'],2024-01-09T22:23:10.000Z,1744847309274218618,0,0,3,0,0,1219
"Happy Monday! Success in the new year can be largely dependent on our attitudes and actions. Whether it's learning a new skill, starting a new career, or simply being more mindful in our daily lives, let's make this year one of growth and positivity. 
#MondayMotivation #QOTD https://t.co/FUFty7OJ5Y",['1744420728026374396'],2024-01-08T18:08:05.000Z,1744420728026374396,1,1,5,0,0,1221
"If you want to be successful in your career, building relationships with your co-workers is essential. By building strong relationships with your colleagues, you can improve communication, increase collaboration, and foster a positive work culture: https://t.co/o1y7ILUq22 https://t.co/tY2PESm9z0",['1742625676883013835'],2024-01-03T19:15:12.000Z,1742625676883013835,0,1,3,0,0,1244
"Are you ready to kick off 2024 with a new job search? So, as the countdown to the New Year begins, let's make a toast to new beginnings and new career opportunities. Happy New Year!
#NYE #jobsearch #newyearnewjob #newbeginnings #jobhunt #newjob https://t.co/8mgJ74hwuF",['1741394831186743583'],2023-12-31T09:44:15.000Z,1741394831186743583,0,1,2,0,0,1275
"Are you tired of hearing #corporatejargon that you don't understand in the workplace? Fear not, for today's #Wednesday Wisdom post will provide you with the ABCs of corporate jargon üëâ https://t.co/kXfIuADQ93
#effectivecommunication #careeradvice https://t.co/hgRxRufKQQ",['1737550731723383128'],2023-12-20T19:09:11.000Z,1737550731723383128,2,0,5,1,0,1378
"#TuesdayTip: While it would be nice if every company closed on holidays, such as Christmas &amp; Memorial Day, the reality is that many businesses need to stay open. This guide explains how holiday pay works and how to calculate it so you know what to expect: https://t.co/HWPlOlO6ix https://t.co/epYdcGb5SM",['1737227243452027091'],2023-12-19T21:43:45.000Z,1737227243452027091,1,0,5,0,0,1256
"Happy Feature Friday! Today we have the pleasure of showcasing one of our outstanding employees, Jacklyn Dean, Program Manager in Ohio. We truly value her hard work, dedication, and positive attitude. She consistently goes above &amp; beyond &amp; we are so thankful! #dreamteam https://t.co/LVT0LYlaw5",['1735685167212113996'],2023-12-15T15:36:05.000Z,1735685167212113996,1,0,6,0,0,1219
"If you're feeling burnt out or simply looking for a change, check out our top tips on how to go from full-time to part-time, what the benefits of doing so are, and how to turn a part-time job into full-time again when you're ready üëâ https://t.co/FVYsDPSJdK https://t.co/L88APhyJF5",['1734603913905803346'],2023-12-12T15:59:35.000Z,1734603913905803346,1,0,2,0,1,1066
"By focusing on your direction, rather than just your speed, you can ensure that you're making progress towards your long-term goals. This will help you stay motivated and engaged in your work, even when things get hectic. 
#careeradvice #QOTD #MondayMotivation https://t.co/AWwWS6jbtL",['1734272379243676052'],2023-12-11T18:02:11.000Z,1734272379243676052,1,1,2,0,0,1089
LAST DAY TO ENTER! üî• Are you tired of the winter chill and ready to heat up your job search? üî• Our Winter Warm Up Job Search Sweepstakes is here to help. Enter our sweepstakes today and warm up your career prospects: https://t.co/i3pIXsGWXx https://t.co/n71r4dh61J,['1734076841042849917'],2023-12-11T05:05:11.000Z,1734076841042849917,0,0,2,0,0,1138
LAST DAY TO ENTER! üî• Are you tired of the winter chill and ready to heat up your job search? üî• Our Winter Warm Up Job Search Sweepstakes is here to help. Enter our sweepstakes today and warm up your career prospects: https://t.co/i3pIXsGWXx https://t.co/Wf9AR4MNOR,['1733910747996942469'],2023-12-10T18:05:11.000Z,1733910747996942469,0,0,2,0,0,1041
LAST DAY TO ENTER! üî• Are you tired of the winter chill and ready to heat up your job search? üî• Our Winter Warm Up Job Search Sweepstakes is here to help. Enter our sweepstakes today and warm up your career prospects: https://t.co/i3pIXsGWXx https://t.co/jfLEGGsnuW,['1733784174081814586'],2023-12-10T09:42:13.000Z,1733784174081814586,0,1,4,0,0,938
üî• Are you tired of the winter chill and ready to heat up your job search? üî• Our Winter Warm Up Job Search Sweepstakes is here to help. Enter our sweepstakes today and warm up your career prospects: https://t.co/i3pIXsGWXx https://t.co/hjcds0BEdV,['1733427310399799342'],2023-12-09T10:04:10.000Z,1733427310399799342,0,1,2,0,0,957
"Happy Friday everyone! Today, we want to take a moment to highlight and thank our amazing employee, Lovish Vaswani, Client Advocate in India. We are so grateful for all of your hard work and dedication to making our company great.  #WeLoveOurEmployees #DreamTeam https://t.co/YwJT4saXMh",['1733148223412306204'],2023-12-08T15:35:11.000Z,1733148223412306204,0,1,3,0,0,801
"#ThursdayTip: Personal branding is the practice of creating a unique identity for oneself in the professional world. A strong personal brand can help establish credibility, build trust, and create more opportunities for career growth. Learn more üëâ https://t.co/zNCDSvOVoU https://t.co/gfBjGeHv1K",['1732750582857769150'],2023-12-07T13:15:06.000Z,1732750582857769150,1,1,3,0,0,1063
"During November, many industries started ramping up their hiring efforts for the holiday season. With an increase in demand for goods and services during the holiday season, these industries are looking for motivated individuals to join their teams.
#hiringnow #jobtrends https://t.co/LoQaDRULAH",['1732066845937541122'],2023-12-05T15:58:10.000Z,1732066845937541122,2,2,4,0,0,1092
"Looking for some motivation to take action towards your goals? Every action you take today has the potential to build momentum and bring you closer to your desired future. What will you do today to create the future you want?
#QOTD #MondayMotivation #CareerGoals https://t.co/eyXAfNec7J",['1731837837387923607'],2023-12-05T00:48:11.000Z,1731837837387923607,2,0,8,0,0,1063
"Happy Feature Friday &amp; welcome to our weekly celebration of our amazing employees! Today, we would like to take a moment to appreciate the hard work &amp; dedication of Gavin Zhao, one of our Software Engineers in China. Give a ‚ô•Ô∏è to show him your congrats! #DreamTeam #FeatureFriday https://t.co/udR5ijCp25",['1730618031967982024'],2023-12-01T16:01:06.000Z,1730618031967982024,1,0,9,0,0,924
"Looking for a job during the holiday season? You're not alone! Many companies are on the lookout for temporary employees, aka seasonal workers, to help them manage the holiday rush. Learn how ‚§µÔ∏è
https://t.co/xa2lYqE3lH",['1730329980536574205'],2023-11-30T20:56:29.000Z,1730329980536574205,2,0,4,0,0,1192
üî• Are you tired of the winter chill and ready to heat up your job search? üî• Our Winter Warm Up Job Search Sweepstakes is here to help. Enter our sweepstakes today and warm up your career prospects: https://t.co/i3pIXsGWXx https://t.co/JOM8LGUZC2,['1730034202752475241'],2023-11-30T01:21:11.000Z,1730034202752475241,1,0,6,0,0,1298
"üéâüëîüëó Your company holiday party is a chance to celebrate w/your colleagues, so have fun with your outfit while still maintaining a professional appearance! Learn what to wear &amp; explore some tips to consider when deciding on your outfit.
https://t.co/5wZn5ieZw4",['1729559784766963874'],2023-11-28T17:56:01.000Z,1729559784766963874,1,0,5,1,1,1294
"Happy #Thanksgiving from our team at CareerBuilder! We want to take a moment to express our gratitude for our customers, partners, builders &amp; community who have supported us throughout the year. We are grateful for your loyalty, trust, &amp; feedback! #gratitude #givingthanks https://t.co/DnuWomUqcT",['1727678408862187586'],2023-11-23T13:20:06.000Z,1727678408862187586,2,1,10,0,1,1439
üî• Are you tired of the winter chill and ready to heat up your job search? üî• Our Winter Warm Up Job Search Sweepstakes is here to help. Enter our sweepstakes today and warm up your career prospects: https://t.co/i3pIXsGWXx https://t.co/hcqlhKtO62,['1727095590691930225'],2023-11-21T22:44:11.000Z,1727095590691930225,0,1,2,0,2,1121
RT @CBforEmployers: We have an attitude of gratitude &amp; we‚Äôre showing thanks with a gift for you! Use our special promo code to post any job‚Ä¶,['1726978044806738019'],2023-11-21T14:57:06.000Z,1726978044806738019,1,0,0,0,0,0
"Happy Monday! Whether it's a simple thank you note or telling a coworker how much you appreciate their hard work, those words can create a positive impact that lasts far beyond that moment.
#MondayMotivation #Grateful #WeLoveOurEmployees https://t.co/Z6XyRvIr2D",['1726666743957856402'],2023-11-20T18:20:06.000Z,1726666743957856402,0,1,2,0,0,1224
RT @CareerBuilder: Attention job seekers! Are you tired of the winter chill and ready to heat up your job search? Look no further! Don't le‚Ä¶,['1725187180346118503'],2023-11-16T16:20:50.000Z,1725187180346118503,3,0,0,0,0,0
Attention job seekers! Are you tired of the winter chill and ready to heat up your job search? Look no further! Don't let the cold weather slow down your job search progress. Enter today and warm up your career prospects: https://t.co/i3pIXsGWXx! #CBWinterWarmUpSweepstakes https://t.co/UorMwKEATr,['1725139198754115591'],2023-11-16T13:10:11.000Z,1725139198754115591,3,1,5,0,1,1851
RT @CBforEmployers: Join us TOMORROW to learn more about our new Pay Per Resume initiative &amp; ask questions w/our training experts. This pro‚Ä¶,['1724815172504531314'],2023-11-15T15:42:37.000Z,1724815172504531314,1,0,0,0,0,0
"It might be getting colder outside, but your job search is on fire. Add some heat to your resume and CareerBuilder profile with our Winter Warm Up Sweepstakes for a chance to win one of two $2,000 gift cards: https://t.co/i3pIXsGWXx
#Sweepstakes #EntertoWin #Jobseeker https://t.co/pXBlfTxN6w",['1723642335366381693'],2023-11-12T10:02:11.000Z,1723642335366381693,0,1,2,0,0,1411
"Happy #VeteransDay to all those who have served! We are forever grateful for your service and sacrifice. Thank you for your bravery and commitment to our nation. On this day, and every day, we remember and honor our veterans. 
#VeteransDay #ThankYouForYourService https://t.co/rvf97JtYDl",['1723280679834718442'],2023-11-11T10:05:05.000Z,1723280679834718442,0,1,5,0,0,1330
"#FridayFeature celebrating Stormy Almond, one of our talented Team Leads, IT Support. Your hard work and commitment to this company is invaluable. We appreciate your dedication to your job and the contributions you make to our success every day. üòç #DreamTeam #WorkCultureMatters https://t.co/ZklRRDySci",['1723096259353862612'],2023-11-10T21:52:16.000Z,1723096259353862612,0,1,1,0,0,1176
"Today, we are highlighting one of our key #DEI and #VeteransDay partners, JT4 LLC.
‚òëÔ∏è They need knowledgeable engineers and skilled technicians ready to find innovations outside of a parts catalog. Check out all of their job openings &amp; join a great team: https://t.co/L4RPQXLaZl https://t.co/Eodnu6E3im",['1723008134556340701'],2023-11-10T16:02:05.000Z,1723008134556340701,0,0,2,0,0,1011
"We are highlighting one of our key #DEI &amp; #VeteransDay partners, @SunbeltRentals. A diverse team makes us all better &amp; is essential to their continued growth and ultimately, their success. Check out all their jobs #hiringnow: https://t.co/gI78xhlxTc
#Militaryjobs #jobsforveterans https://t.co/ONiqV5Uo0d",['1722734079190131122'],2023-11-09T21:53:05.000Z,1722734079190131122,1,0,6,0,0,1424
"Today, we are highlighting one of our key #DEI and #VeteransDay partners, @piedmontair Piedmont is committed to supporting our heroes, providing them w/ smooth transition, &amp; empowering them to soar to new heights in civilian lives. Check out job openings! https://t.co/4wuReDDOJF",['1722424013455044775'],2023-11-09T01:21:00.000Z,1722424013455044775,0,0,2,0,0,1110
"Communication barriers may exist for certain people in specific situations. Learning how to be well-spoken can benefit your professional and personal life by promoting self-confidence and boosting self-esteem.
https://t.co/meXUeHgXiO",['1721836141001753004'],2023-11-07T10:25:00.000Z,1721836141001753004,1,0,3,0,1,1209
"We are serving up some #MondayMotivation to help you start your week off on the right foot. You have the power to make changes in your life a&amp; nd if there is something you don‚Äôt like, take action to change it. If you can‚Äôt change it, change your attitude. üí™ Have a great week! https://t.co/mTQTN83RJK",['1721691458879590488'],2023-11-07T00:50:05.000Z,1721691458879590488,2,0,4,0,0,1322
"@dubiouscezar Hi Leeroy,

Straight North does not have an account with Careerbuilder. We're sorry that you're having this issue, could you please DM us your information, so that we can help resolve this for you.",['1721672764426182716'],2023-11-06T23:35:48.000Z,1721672764426182716,0,0,0,0,0,25
"@robertitobula Hi Robert, we're sorry that you're having this issue, could you please DM us your information, so that we can resolve this for you.",['1721667961650303197'],2023-11-06T23:16:43.000Z,1721667961650303197,0,0,0,0,0,14
"üì£ Attention job seekers! üì£ October #employmenttrends are showing ‚ûï signs for those looking to #gethired w/top industries #hiringnow: admin support, healthcare, &amp; retail. Registered #nurses, truck drivers, &amp; #retail workers are among the top #jobshiringnow. #hiringnow #jobhunt https://t.co/3TR0rjBoxj",['1720179014965350742'],2023-11-02T20:40:11.000Z,1720179014965350742,2,0,5,1,0,1367
"No tricks, just treats today at CareerBuilder. Happy Halloween! üéÉ üëª 
#Dreamteam #Workculturematters https://t.co/JGSu8OL3Rg",['1719387565709554099'],2023-10-31T16:15:14.000Z,1719387565709554099,1,1,3,0,0,1333
"According to Forbes, 74% of professionals believe that working at home will become standard. A work-at-home schedule, also called a productivity plan, can help you stay focused and avoid getting behind on important tasks üëâ https://t.co/417PyY7oTb
#WFH #RemoteWork #Flexiblework https://t.co/he5Y6i1FCo",['1717930196903379280'],2023-10-27T15:44:11.000Z,1717930196903379280,1,0,3,0,0,1490
"Hiring managers are usually more than happy to reconsider a previous candidate under the right circumstances. Check out our step-by-step guide on how to reapply for a job after being rejected.
https://t.co/qX9mmEvxbC",['1717272318219542817'],2023-10-25T20:10:00.000Z,1717272318219542817,1,0,5,0,1,1277
"Finding the perfect candidate just got easier &amp; more cost-effective w/our Pay Per Resume. You have complete control over your budget AND hiring process. Join us TODAY, 10/25, at 1 CT, to learn more about it &amp; ask questions with our trainings experts üëâ https://t.co/KIa4Hh9UzY https://t.co/3fOiyNYrFt",['1717160099553173753'],2023-10-25T12:44:05.000Z,1717160099553173753,0,0,3,0,0,1143
"Finding the perfect candidate just got easier &amp; more cost-effective w/our Pay Per Resume. You have complete control over your budget AND hiring process. Join us tomorrow, 10/25, at 1 CT, to learn more about it &amp; ask questions with our trainings experts üëâ https://t.co/KIa4Hhaspw https://t.co/ajEl7GYbOl",['1716949209927336178'],2023-10-24T22:46:05.000Z,1716949209927336178,0,0,2,0,0,1232
RT @CBforEmployers: Hiring doesn‚Äôt have to be scary! üëª Grab our special offer to help you kick hiring into high gear. Use the special promo‚Ä¶,['1716919798918246607'],2023-10-24T20:49:13.000Z,1716919798918246607,1,0,0,0,0,0
"RT @CBforEmployers: üéÉ Hiring can be full of treats, not tricks...and we have one for you today! Grab our special offer to help you kick you‚Ä¶",['1716919777585930550'],2023-10-24T20:49:08.000Z,1716919777585930550,1,0,0,0,0,0
RT @CBforEmployers: Finding the perfect candidate just got easier &amp; more cost-effective w/our Pay Per Resume. You have complete control ove‚Ä¶,['1716919764172603799'],2023-10-24T20:49:05.000Z,1716919764172603799,1,0,0,0,0,0
"Finding the perfect candidate just got easier and more cost-effective with our Pay Per Resume. You have complete control over your budget AND hiring process. Join us Oct 25, 1:00 PM CT, to learn more about it &amp; ask questions with our trainings experts üëâ https://t.co/KIa4Hh9UzY https://t.co/H6ijjkbeja",['1716032167178891530'],2023-10-22T10:02:05.000Z,1716032167178891530,0,0,4,0,0,1571
"Are you trying to recruit and build your dream team but don't want to break the bank or lock into a long contract? Insert CareerBuilder Pay Per Resume, your new go-to lifeline to finding the perfect team member üëâ https://t.co/3u3cbL0UZa
Thanks to our friend @thecorporatemama! https://t.co/nFeuC3P0Br",['1715485883338535336'],2023-10-20T21:51:21.000Z,1715485883338535336,0,0,3,0,0,1462
Understanding where and how to highlight professional strength in a resume is crucial to crafting a compelling resume that will inspire potential employers to reach out and make that coveted call. Learn more to help you land your next new job üëâ https://t.co/ITDToBZbJz https://t.co/JsifiWsPxc,['1714734159866839137'],2023-10-18T20:04:16.000Z,1714734159866839137,0,1,4,0,0,1350
"It's always important to believe in yourself and not let others bring you down. With that in mind, let's get motivated for a great week ahead! üí™ Let's start this week off on a positive note and show the world what we're made of! üí• #MondayMotivation #BelieveInYourself #YouCanWin https://t.co/781vBWoe7g",['1713922769136521618'],2023-10-16T14:20:05.000Z,1713922769136521618,0,1,5,0,0,1465
We continue to hope for peace and safety for all. https://t.co/Bmlx9ez5QL,['1712565323654738253'],2023-10-12T20:26:05.000Z,1712565323654738253,1,1,5,0,0,1594
"Dealing with passive aggressive coworkers can be a challenging task, but it's not impossible. Check out some of our top tips that can help you handle this situation in a professional manner. With patience and professionalism, it can be overcome.
https://t.co/31y1HoE7Ns",['1711869971016405448'],2023-10-10T22:23:00.000Z,1711869971016405448,0,0,2,1,0,1457
